"ID","制度名称","概要","詳細説明","詳細説明URL","窓口・問い合わせ先","窓口・問い合わせ先URL","個人向け分類","事業者向け分類","類似キーワード","更新日時","登録日時"
100,"インターネットカフェ等使用制限に伴う代替施設として利用が可能な宿泊施設","緊急事態措置に基づく施設の使用制限の要請により、インターネットカフェ等も使用制限の対象となり、その対応策として、ご利用いただける宿泊施設を紹介しています。","新型コロナウイルス感染症のまん延防止に向けた緊急事態措置に基づく施設の使用制限要請により、インターネットカフェや漫画喫茶についても使用制限の対象となっておりますので、その対応策として、宿泊事業者の方々からのご協力を得て、ご利用いただける宿泊施設を紹介しています。","http://www.pref.osaka.lg.jp/kikikanri/netcafe/kanoshisetsu.html","各宿泊施設","http://www.pref.osaka.lg.jp/kikikanri/netcafe/kanoshisetsu.html","生活支援;#相談","","インターネットカフェ&nbsp;代替施設&nbsp;宿泊施設",2020/04/30 10:31:00,2020/04/30 10:31:00
105,"子供の学び応援サイト（文部科学省）","臨時休業期間における学習支援コンテンツポータルサイトです。","臨時休業期間における学習支援コンテンツポータルサイトです。<br>お子様がご家庭などで家庭学習を行う場合には、このwebサイトを参考<br>にするなどして、お子様が取り組みやすい学習内容を選択してください。<br>お子様の学習内容など詳しいことについては、通学している学校に確認してください。","https://www.mext.go.jp/a_menu/ikusei/gakusyushien/index_00001.htm","文部科学省","https://www.mext.go.jp/a_menu/ikusei/gakusyushien/index_00001.htm","子育て・教育","","家庭学習&nbsp;学習支援",2020/05/13 13:43:00,2020/04/30 16:57:00
111,"手洗い・消毒方法・次亜塩素酸ナトリウム液の作り方","新型コロナウイルスに対する感染防止には、マスク着用を含む咳エチケットや手洗い、アルコール消毒液などにより感染経路を断つことが重要です。","新型コロナウイルスに対する感染防止策については、マスク着用を含む咳エチケットや手洗い、アルコール消毒液などにより感染経路を断つことが重要であり、身のまわりを清潔にすることが大事です。<br>アルコール消毒液の入手が難しい場合には、石けんやハンドソープを使って丁寧な手洗いを行うことで、十分にウイルスを除去できます。","https://www.city.osaka.lg.jp/kikikanrishitsu/page/0000501700.html","危機管理室&nbsp;","https://www.city.osaka.lg.jp/kikikanrishitsu/page/0000501700.html","健康・医療","","感染防止&nbsp;手洗い&nbsp;アルコール消毒",2020/05/13 13:43:00,2020/04/30 19:18:00
112,"外国人のための相談窓口","大阪市内に在住、在勤の外国人の方が対象です。","国の新型コロナウイルス感染症に関する緊急対応策（第2弾）の実施に伴い、大阪国際交流センターインフォメーションセンター内の「外国人のための相談窓口」において、現時点の相談窓口業務に加え、大阪市内に在住、在勤の外国人等が直面する新型コロナウイルス感染症に関連した不安や問題に対応するための専門相談を強化します。","https://www.city.osaka.lg.jp/keizaisenryaku/page/0000500876.html","公益財団法人大阪国際交流センター","https://www.city.osaka.lg.jp/keizaisenryaku/page/0000500876.html","相談","","外国人&nbsp;相談",2020/04/30 19:20:00,2020/04/30 19:20:00
46,"持続化給付金","収入が大幅に急減した事業者に対する、事業全般に広く使える給付制度","【対象者】<br>中堅企業、中小企業、小規模事業者、フリーランスを含む個人事業者等、その他各種法人等で、新型コロナウイルス感染症の影響により、売上が前年同月比で50％以上減少している者<br><br>【給付額】<br>前年の総売上（事業収入）－（前年同月比-50%月の売上×12ヶ月）<br>※上記の算出方法により、法人は200万円以内、個人事業者等は100万円以内を支給<br><br>（詳細はリンク先の経済産業省ホームページを参照ください）","https://www.meti.go.jp/covid-19/jizokuka-kyufukin.html","持続化給付金事業 コールセンター","https://www.meti.go.jp/covid-19/jizokuka-kyufukin.html","","補助制度・給付金","資金繰り&nbsp;個人事業主&nbsp;補助金",2020/05/07 09:40:00,2020/04/07 14:37:00
67,"資金繰り支援及び持続化給付金に関する相談受付（経済産業省）","中小・小規模事業者等を対象とした、資金繰りの支援及び持続化給付金に関する相談受付","これまでの資金繰りに関する相談に加え、「中小企業 金融・給付金相談窓口」において給付金関係の相談を受け付けます。<br><br>（詳細はリンク先の経済産業省ホームページを参照ください）","https://www.meti.go.jp/press/2020/04/20200408002/20200408002.html","経済産業省&nbsp;中小企業 金融・給付金相談窓口","https://www.meti.go.jp/press/2020/04/20200408002/20200408002.html","","相談等;#資金繰り;#補助制度・給付金","融資&nbsp;借入&nbsp;借金&nbsp;個人事業主&nbsp;個人事業者&nbsp;フリーランス",2020/04/21 09:26:00,2020/04/08 21:55:00
72,"休業要請支援金(府・市町村共同支援金)","休業要請に協力いただいた事業者に対する支援金制度","新型コロナウイルス感染症拡大に伴う緊急事態措置により、大阪府から施設の使用制限による休業要請等を受け、特に深刻な影響を被っている中小企業・個人事業主を対象に、家賃等の固定費を支援し、将来に向けて、事業継続を下支えする「休業要請支援金（府・市町村共同支援金）」を支給します。<br><br>【支給額】<br>中小企業&nbsp;100万円（府と市町村で1/2ずつ負担）<br>個人事業主&nbsp;50万円（府と市町村で1/2ずつ負担）<br><br>【対象要件】<br>下記の3つの要件を全て満たす中小企業・個人事業主が対象となります。<br>（1）大阪府内に主たる事業所を有していること。<br>&nbsp;&nbsp;中小企業：本社が大阪府内にあること。<br>&nbsp;&nbsp;個人事業主：事業所が大阪府内にあること。<br>（2）大阪府の「施設の使用制限の要請等」を受け、令和2年4月21日から5月6日までの全ての期間において、支援金の対象となる施設を全面的に休業する、当該施設の運営事業者であること。（食事提供施設の運営事業者は、営業時間を午前５時から午後８時までの間へと短縮する等の協力を行った場合のみ）<br>（3）令和2年4月の売上が前年同月対比で50％以上減少していること。<br><br>【申請受付手続き】<br>4月27日（月）～5月31日（日）（当日消印有効）<br><br>【お問い合わせ】<br>休業要請支援金相談コールセンター<br>電話番号：06-6210-9525<br>開設時間：午前10時から午後5時（日曜日を除く毎日）<br><br>（詳細はリンク先の大阪府ホームページを参照ください）","http://www.pref.osaka.lg.jp/keieishien/kyugyoshienkin/index.html","休業要請支援金相談コールセンター","http://www.pref.osaka.lg.jp/keieishien/kyugyoshienkin/index.html","","補助制度・給付金","資金繰り&nbsp;個人事業者 休業補償&nbsp;給付金",2020/05/13 13:09:00,2020/04/16 18:11:00
25,"雇用調整助成金（4月1日からの特例措置拡大）","経済上の理由により、事業活動の縮小を余儀なくされた事業主が、雇用の維持を図るための休業手当に要した費用を助成する制度","一時的に休業、教育訓練又は出向を行い、労働者の雇用維持を図った場合に、休業手当、賃金等の一部を助成<br><br>対象：新型コロナウイルス感染症の影響を受ける全事業主<br>助成率：大企業2/3、中小企業4/5<br>支給限度日数：4月1日から6月30日は、1年間の限度日数100日とは別に利用可能<br><br>特例措置の内容：<br>①休業等計画届の事後提出が令和2年6月30日まで可能。<br>②生産指標（売上高等）の確認を10%減少から5％に緩和。<br>③雇用指標（最近3か月の平均値）を撤廃。<br>④事業所設置後、1年未満の事業主も対象。<br>⑤助成率を大企業2/3、中小企業4/5<br>（解雇等を行わない場合、大企業３/４、中小企業9/10）に引上げ。<br>⑥雇用保険被保険者以外の労働者等に対する休業手当も対象。<br>⑦雇用保険被保険者として継続して雇用された期間が６か月未満の労働者も助成対象に。<br>⑧過去に本助成金を受給したことがある事業主について、<br>ア前回の支給対象期間の満了日から１年を経過していなくても助成対象に。<br>イ支給限度日数から過去の受給日数を差し引きません。<br><br>【休業手当とは】<br>使用者の都合で労働者が就業できなかった場合、労働者の生活を保護するため、休業させた所定労働日については、平均賃金の6割以上の手当を支払わなければなりません。<br>○事業の縮小<br>&nbsp;&nbsp;&nbsp;↓ <br>&nbsp;休業計画について労使間で協定<br>&nbsp;&nbsp;&nbsp;↓<br>&nbsp;従業員を休業<br>&nbsp;&nbsp;&nbsp;↓<br>&nbsp;従業員に休業手当を支給（平均賃金×60/100以上）<br>&nbsp;&nbsp;&nbsp;↓<br>&nbsp;労働局に雇用調整助成金の申請&nbsp;→受給<br>※制度のご利用には各種の要件があります。詳細は、労働局にお問い合わせください。<br><br>（詳細はリンク先の厚生労働省ホームページを参照ください）","https://www.mhlw.go.jp/stf/seisakunitsuite/bunya/koyou_roudou/koyou/kyufukin/pageL07.html","大阪労働局 助成金センター","https://www.mhlw.go.jp/content/11600000/000620573.pdf","","補助制度・給付金;#雇用・従業員","雇用確保&nbsp;雇用継続&nbsp;休業要請&nbsp;補助金",2020/04/21 09:34:00,2020/04/02 11:21:00
26,"小学校等の臨時休業に伴う保護者の休暇取得支援（労働者を雇用する事業主の方向け）","小学校等が臨時休業した場合等に、その小学校等に通う子の保護者である労働者・従業員が休暇を取得できる環境を整えるための助成制度","対象：①又は②の子どもの世話を行うことが必要となった労働者に対し、労働基準法上の年次有給休暇とは別途、有給（賃金全額支給）の休暇を取得させた事業主<br>①新型コロナウイルス感染症に関する対応として、臨時休業等をした小学校等に通う子ども<br>※小学校、義務教育学校（小学校課程のみ）、特別支援学校（全ての部）、放課後児童クラブ、幼稚園、保育所、認定こども園等<br>②新型コロナウイルスに感染した等の子どもであって、小学校等を休むことが必要な子ども<br>支給額：休暇中に支払った賃金相当額×10/10（※支給額は8&#44;330円を日額上限とする。）<br>適用日：令和2年2月27日～６月30日の間に取得した休暇<br><br>（詳細はリンク先の厚生労働省ホームページを参照ください）","https://www.mhlw.go.jp/stf/seisakunitsuite/bunya/koyou_roudou/koyou/kyufukin/pageL07_00002.html","学校等休業助成金・支援金、雇用調整助成金、個人向け緊急小口資金相談コールセンター（厚生労働省委託）","https://www.mhlw.go.jp/stf/seisakunitsuite/bunya/koyou_roudou/koyou/kyufukin/pageL07_00002.html","","補助制度・給付金;#雇用・従業員","雇用確保&nbsp;雇用継続&nbsp;補助金",2020/05/13 09:09:00,2020/04/02 11:22:00
27,"小学校等の臨時休業に対応する保護者支援（委託を受けて個人で仕事をする方向け）","小学校等が臨時休業した場合等に、その小学校等に通う子の保護者であるフリーランス等の労働者の休職に伴う所得の減少に対応するための助成制度","対象：①又は②の子どもの世話を行うことが必要となった保護者であって、一定の要件を満たす方<br>①新型コロナウイルス感染症に関する対応として、臨時休業等した小学校等（※）に通う子ども<br>※小学校、義務教育学校（小学校課程のみ）、特別支援学校（高校まで）、放課後児童クラブ、幼稚園、保育所、認定こども園等<br>②新型コロナウイルスに感染した等の子どもであって、小学校等を休むことが必要な子ども<br>要件：<br>個人で就業する予定であった場合<br>業務委託契約等に基づく業務遂行等に対して報酬が支払われており、発注者から一定の指定を受けているなどの場合<br>支給額：就業できなかった日について、1日当たり4&#44;100円（定額）<br>適用日：令和2年2月27日～6月30日<br><br>（詳細はリンク先の厚生労働省ホームページを参照ください）","https://www.mhlw.go.jp/stf/newpage_10231.html","学校等休業助成金・支援金、雇用調整助成金、個人向け緊急小口資金相談コールセンター（厚生労働省委託）","https://www.mhlw.go.jp/stf/newpage_10231.html","","補助制度・給付金;#雇用・従業員","個人事業主&nbsp;個人事業者&nbsp;補助金",2020/05/13 09:10:00,2020/04/02 11:23:00
69,"資金繰り支援内容一覧表","資金繰り支援に関する信用保証制度・融資制度の一覧形式でまとめたものです（経済産業省ホームページ）","資金繰り支援に関する信用保証制度・融資制度の一覧形式でまとめたものです<br><br>（詳細はリンク先の経済産業省ホームページを参照ください）","https://www.meti.go.jp/covid-19/pdf/shikinguri_list.pdf","経済産業省","","","資金繰り","借入&nbsp;借金",2020/04/21 09:35:00,2020/04/14 16:43:00
88,"（大阪府制度融資）新型コロナウイルス感染症対応資金（保証料等補助型)（セーフティネット保証4号・5号認定・危機関連等） ","新型コロナウイルス感染症の発生により経営に影響を受けている中小企業者を支援するための融資(最大で保証料ゼロ、金利ゼロ)","【融資対象】<br>府内において事業を営んでおり、新型コロナウイルス感染症により経営に影響を受けている中小企業者で、セーフティネット保証４号・５号、危機関連保証の認定を受けた方<br><br>【制度内容】<br>・融資限度額：3&#44;000万円<br>・金利：年1.2％（固定）<br>  ただし、個人事業主（小規模事業者のみ）で売上高が５％以上減少の場合、当初3年間無利息<br>&nbsp;&nbsp;&nbsp;&nbsp;&nbsp;  法人、個人事業主（小規模事業者以外）で売上高が15％以上減少の場合、当初3年間無利息<br>・保証料：0.85％<br>&nbsp;ただし、個人事業主（小規模事業者のみ）で売上高が5％以上減少の場合、保証料なし<br>&nbsp;&nbsp;&nbsp;&nbsp;&nbsp;&nbsp;法人、個人事業主（小規模事業者以外）で売上高が5％から15％未満減少の場合、保証料1/2<br>&nbsp;&nbsp;&nbsp;&nbsp;&nbsp;&nbsp;法人、個人事業主（小規模事業者以外）で売上高が15％以上減少の場合、保証料なし<br>&nbsp;&nbsp;&nbsp;&nbsp;&nbsp;&nbsp;<br>・融資期間：10年以内（据置5年以内）<br>・実施期間：令和2年5月1日（金）～令和2年12月31日（木）までに保証申込受付、かつ令和3年1月31日（日）融資実行分まで<br><br>（詳細はリンク先の大阪府ホームページをご覧ください）","http://www.pref.osaka.lg.jp/kinyushien/korona/index.html","大阪府制度融資の取扱金融機関","http://www.pref.osaka.lg.jp/kinyushien/korona/index.html","","資金繰り","無保証&nbsp;",2020/04/28 15:51:00,2020/04/28 14:21:00
9,"（大阪府制度融資） &nbsp;新型コロナウイルス感染症対応緊急資金（セーフティネット保証4号・5号認定・危機関連等）","新型コロナウイルス感染症の発生により経営に影響を受けている中小企業者を支援するための融資","※各融資について、それぞれ大阪市が発行する認定書が必要<br>&nbsp;⇒郵送で受付しています。<br><br>【4号認定融資の概要】<br>融資対象者：売上が3カ月で前年比20％以上減少（実績１か月、見込み2か月）<br>業種：全業種&nbsp;&nbsp;使途：運転資金・設備資金<br>融資限度額：2億円（うち無担保8千万円）<br>融資期間：7年（据置1年以内）<br>金利：年1.2%（固定）<br>信用保証料：0.9%<br><br>【5号認定融資の概要】<br>融資対象者：売上が3カ月で前年比5％以上減少（実績3か月、または実績１か月＋見込み2か月）<br>業種：国が指定する業種&nbsp;&nbsp;使途：運転資金・設備資金<br>融資限度額：2億円（うち無担保8千万円）<br>融資期間：7年（据置1年以内）<br>金利：年1.2%（固定）<br>信用保証料：0.8%<br><br>【危機関連融資の概要】<br>融資対象者：売上が3カ月で前年比15％以上減少（実績１か月＋見込み2か月）<br>業種：全業種&nbsp;&nbsp;使途：運転資金・設備資金<br>融資限度額：2億円（うち無担保8千万円）<br>融資期間：10年（据置2年以内）<br>金利：年1.2%（固定）<br>信用保証料：0.8%<br><br>※大阪市の認定書なしの場合<br>【融資の概要】<br>融資対象者：売上が前年比10％以上減少（実績１か月）<br>業種：全業種&nbsp;&nbsp;使途：運転資金・設備資金<br>融資限度額：2億円（うち無担保8千万円）<br>融資期間：7年（据置1年以内）<br>金利：年1.2%（固定）<br>信用保証料：保証協会の定める料率<br><br>（詳細はリンク先の大阪府ホームページを参照ください）","http://www.pref.osaka.lg.jp/kinyushien/korona/index.html","大阪府制度融資の取扱金融機関","http://www.pref.osaka.lg.jp/kinyushien/korona/index.html","","資金繰り","資金繰り&nbsp;借入&nbsp;借金&nbsp;個人事業主&nbsp;個人事業者&nbsp;フリーランス",2020/05/07 16:08:00,2020/03/31 17:25:00
12,"※現在郵送で受付しています（中小企業信用保険法の認定） 危機関連保証・セーフティネット保証4号・5号","経営の安定に支障を生じている中小企業者に信用保証協会が貸付にかかる通常の保証限度額及びセーフティネット保証の限度額とは別枠で保証を行う制度（大阪市&nbsp;企業支援課）","※セーフティネット4号認定・危機関連保証は郵送での申請となります（セーフティネット保証５号認定のみ窓口での申請）。<br><br>【危機関連保証とは】<br>経営の安定に支障を生じている中小企業者について、信用保証協会が通常の保証限度額及びセーフティネット保証の限度額とは別枠で保証を行う制度です。<br>制度の利用にあたっては事業所の所在する市町村長（大阪市の場合は大阪市長）の認定が必要です。<br><br>認定を取得した中小企業者は、危機関連保証に対応した大阪府制度融資「新型コロナウイルス感染症対策資金（経営安定資金&nbsp;危機関連）」を申し込むことが可能となります。<br>（条件）<br>①大阪市内に主たる事業所（主たる事業所、支店、工場等）を有すること<br>②令和２年新型コロナウイルス感染症の影響を受けた後、原則として最近1か月間の売上高等が前年同期比で１５％以上減少しており、かつ、その後２か月間を含む３か月間の売上高等が前年同期比で１５％以上減少することが見込まれること<br><br>【セーフティネット保証とは】<br>経営の安定に支障を生じている中小企業者について、保証協会が通常の保証限度額とは別枠で保証を行う制度です。<br>制度の利用にあたっては事業所の所在する市町村長（大阪市の場合は大阪市長）の認定が必要です。<br><br>この認定を取得した中小企業者は、セーフティネット保証に対応した大阪府制度融資「経営安定サポート資金（経営安定資金）」及び「大阪府新型コロナウイルス感染症対応緊急資金」を申し込むことが可能となります。<br><br>[ 4号認定要件 ]<br>① 大阪市内に事業所（主たる事業所、支店、工場等）を有すること。<br>② 指定地域内において、申請時点で１年間以上継続して事業を行っていること。<br>③ 令和２年新型コロナウイルス感染症の影響を受けた後、原則として最近１か月間の売上高等が前年同期比で20％以上減少しており、かつ、その後２か月間を含む３か月間の売上高等が前年同期比で20％以上減少することが見込まれること。<br><br>[ 5号認定要件 ]<br>①大阪市内に主たる事業所（主たる事業所、支店、工場等）を有すること<br>②国の指定する業種を営んでいること<br>③売上減少等のいずれかの基準を満たしていること<br><br>（詳細はリンク先の大阪市ホームページを参照ください）","https://www.city.osaka.lg.jp/keizaisenryaku/page/0000002784.html","大阪市経済戦略局 企業支援課（金融担当）（大阪産業創造館２階）","https://www.city.osaka.lg.jp/keizaisenryaku/page/0000002784.html","","資金繰り","資金繰り&nbsp;借入&nbsp;借金&nbsp;個人事業主&nbsp;個人事業者&nbsp;個人事業者&nbsp;フリーランス",2020/04/30 18:40:00,2020/03/31 17:35:00
15,"（日本政策金融公庫） 新型コロナウイルス感染症特別貸付（国民生活事業・中小企業事業）","新型コロナウイルス感染症の影響により一時的に業況悪化をきたしている事業者を対象とした新型コロナウイルス感染症特別貸付","【国民生活事業・融資の概要】<br>融資対象者：小規模事業者<br>・最近1ヵ月の売上高が前年または前々年同期に比し5％以上減少&nbsp;等<br>業種：全業種<br>融資限度額：6千万円（別枠）<br>融資期間：設備資金 20年以内、運転資金 15年以内、（ともに据置期間5年以内）<br>金利：基準利率&nbsp;ただし、3&#44;000万円を限度として融資後3年目までは基準利率-0.9％、4年目以降は基準利率<br><br>【中小企業事業・融資の概要】<br>融資対象者：中小企業<br>・最近1ヵ月の売上高が前年または前々年同期に比し5％以上減少&nbsp;等<br>業種：全業種<br>融資限度額：3億円（別枠）<br>融資期間：設備資金 20年以内、運転資金 15年以内、（ともに据置期間5年以内）<br>金利：基準利率&nbsp;ただし、1億円を限度として融資後3年目までは基準利率-0.9％、4年目以降は基準利率<br><br>【特別利子補給制度】<br>上記融資を受けた方のうち『フリーランスを含む個人事業主』『売上高が急減した事業者』を対象に融資利子補給を実施（事後給付、詳細は後日中小企業庁ホームページで公表予定） <br><br>（詳細はリンク先の日本政策金融公庫ホームページをご覧ください）","https://www.jfc.go.jp/n/finance/search/covid_19_m.html","日本政策金融公庫（各支店）","https://www.jfc.go.jp/n/branch/index.html","","資金繰り;#設備投資、消費喚起等","無利子&nbsp;無利息&nbsp;資金繰り&nbsp;借入&nbsp;借金&nbsp;個人事業者",2020/04/21 09:37:00,2020/03/31 17:37:00
17,"（商工組合中央金庫） 新型コロナウイルス感染症特別貸付","中小企業向けの新型コロナウイルス感染症特別貸付","【融資の概要】<br>融資対象者：中小企業<br>・最近1ヵ月の売上高が前年または前々年同期に比し5％以上減少&nbsp;等<br>業種：全業種<br>融資限度額：3億円（別枠）<br>融資期間：設備資金 20年以内、運転資金 15年以内、（ともに据置期間5年以内）<br>金利：基準金利&nbsp;ただし、1億円を限度として融資後3年目までは基準利率-0.9％、4年目以降は基準金利<br><br>【特別利子補給制度】<br>上記融資を受けた方のうち『フリーランスを含む個人事業主』『売上高が急減した事業者』を対象に融資利子補給を実施（事後給付、詳細は後日中小企業庁ホームページで公表予定） <br><br>（詳細はリンク先の商工組合中央金庫ホームページをご覧ください）","https://www.shokochukin.co.jp/assets/pdf/nr_200319_04.pdf","商工組合中央金庫（各支店）","https://www.shokochukin.co.jp/atm/list/","","資金繰り;#設備投資、消費喚起等","無利子&nbsp;無利息&nbsp;資金繰り&nbsp;借入&nbsp;借金&nbsp;個人事業者",2020/04/21 09:38:00,2020/03/31 17:49:00
20,"新型コロナウイルス対策マル経融資の金利引き下げ（特例措置）、利子補給","商工会議所等の経営指導を受けた小規模事業者に対し、日本政策金融公庫が無担保・無保証人で行う融資制度（大阪商工会議所）","商工会議所・商工会・都道府県商工会連合会の経営指導員による経営指導を受けた小規模事業者に対して、日本政策金融公庫が無担保・無保証人で融資を行う制度<br>融資対象者：最近1か月の売上高が前年または前前年の同期と比較して5％以上減少している小規模事業者<br>【特例】通常融資の別枠1&#44;000万円の範囲内で当初3年間、通常の貸付金利から-0.9%引下げ。加えて、据置期間を運転資金で3年以内、設備資金で4年以内に延長。<br><br>【特別利子補給制度】<br>上記融資を受けた方のうち『フリーランスを含む個人事業主』『売上高が急減した事業者』を対象に融資利子補給を実施（事後給付、詳細は後日中小企業庁ホームページで公表予定） <br><br>（詳細はリンク先の大阪商工会議所ホームページをご覧ください）","http://www.osaka.cci.or.jp/Jigyou/Yuushi/","大阪商工会議所（各支部）","http://www.osaka.cci.or.jp/Shoukai/newshibu/","","資金繰り;#設備投資、消費喚起等","無利子&nbsp;無利息&nbsp;資金繰り&nbsp;借入&nbsp;借金&nbsp;個人事業者",2020/04/21 09:45:00,2020/03/31 17:52:00
31,"（日本政策金融公庫）生活衛生改善貸付（新型コロナウイルス対策衛経）の金利引き下げ、利子補給","生活衛生関係の事業を営む小規模事業者に対し、日本政策金融公庫が無担保・無保証人で行う融資制度","生活衛生同業組合などの経営指導を受けている生活衛生関係の事業を営む小規模事業者（旅館、飲食業など）に対して、日本政策金融公庫が無担保・無保証人で融資を行う制度<br>融資対象者：最近1か月の売上高が前年または前前年の同期と比較して5％以上減少している小規模事業者<br>【特例】通常融資の別枠1&#44;000万円の範囲内で当初3年間、通常の貸付金利から-0.9%引下げ。加えて、据置期間を運転資金で3年以内、設備資金で4年以内に延長。<br><br>【特別利子補給制度】<br>上記融資を受けた方のうち『フリーランスを含む個人事業主』『売上高が急減した事業者』を対象に融資利子補給を実施（事後給付、詳細は後日中小企業庁ホームページで公表予定） <br><br>（詳細はリンク先の日本政策金融公庫ホームページをご覧ください）","https://www.jfc.go.jp/n/finance/search/34_eiseikaizen_m.html#covid_19","日本政策金融公庫（各支店）","https://www.jfc.go.jp/n/branch/index.html","","資金繰り","無利子&nbsp;無利息&nbsp;資金繰り&nbsp;借入&nbsp;借金&nbsp;飲食店&nbsp;個人事業者",2020/04/21 09:45:00,2020/04/07 13:53:00
19,"（日本政策金融公庫） 衛生環境激変対策特別貸付","旅館業、飲食店営業および喫茶店営業を営む方向けの特別貸付","【融資の概要】<br>融資対象者：最近1ヵ月の売上高が前年または前々年同期に比し10％以上減少&nbsp;等<br>業種：旅館業、飲食店営業及び喫茶店営業を営む方<br>融資限度額：1千万円（別枠）、旅館業は3千万円（別枠）<br>融資期間：運転資金 7年以内（据置期間2年以内）<br>金利：基準金利&nbsp;ただし、振興計画の認定を受けた方は基準金利-0.9％<br><br>（詳細はリンク先の日本政策金融公庫ホームページをご覧ください）","https://www.jfc.go.jp/n/finance/search/47_gekihen_2_m.html","日本政策金融公庫（各支店）","https://www.jfc.go.jp/n/branch/index.html","","資金繰り;#設備投資、消費喚起等","資金繰り&nbsp;借入&nbsp;借金&nbsp;飲食業&nbsp;個人事業者&nbsp;個人事業主",2020/04/21 14:16:00,2020/03/31 17:50:00
43,"日本政策金融公庫等の既往債務の借換","日本政策金融公庫や商工組合中央金庫等の融資の既往債務の借換及び実質無利子化","【対象制度】<br>（１）日本政策金融公庫等<br>・新型コロナウイルス感染症特別貸付<br>・新型コロナウイルス対策マル経融資&nbsp;等<br>（２）商工組合中央金庫等<br>・危機対応融資<br><br>【金利引き下げ・実質無利子化の限度額】<br>（１）日本政策金融公庫等<br>&nbsp;中小企業&nbsp;３億円、国民事業&nbsp;3&#44;000万円<br>（２）商工中金&nbsp;1億円<br><br>【借換限度額】<br>（１）日本政策金融公庫等<br>中小事業&nbsp;１億円、国民事業&nbsp;6&#44;000万円<br>（２）商工中金&nbsp;3億円<br><br>（詳細は経済産業省ホームページリンク先P.20を参照ください。）","https://www.meti.go.jp/covid-19/pdf/pamphlet.pdf","経済産業省&nbsp;中小企業金融・給付金相談窓口","https://www.meti.go.jp/press/2020/04/20200408002/20200408002.html","","資金繰り","資金繰り&nbsp;借入&nbsp;借金&nbsp;個人事業者&nbsp;個人事業主&nbsp;フリーランス",2020/05/01 09:22:00,2020/04/07 14:32:00
44,"信用保証付き融資における保証料・利子減免&nbsp;","セーフティネット４号・５号・危機関連保証の適用要件と連動した信用保証料補助と貸付利子補給"," 都道府県による制度融資を活用して、民間金融機関に実質無利子・無担保・据置最大5年・保証料減免の融資を拡大。 さらに信用保証付き既往債務も制度融資を活用した実質無利子融資に借換可能。<br><br>【対象要件】<br>①個人事業主（事業性のあるフリーランス含む、小規模に限る）<br>&nbsp;売上高等前年同月比&nbsp;▲５％以上減少で保証料ゼロ、金利ゼロ<br>②小・中規模事業者（①除く）<br>&nbsp;売上高等前年同月比-5%以上減少で保証料&nbsp;1/2<br>&nbsp;売上高等前年同月比-15%以上減少で保証料ゼロ、金利ゼロ<br>【融資上限】3&#44;000万円<br>【据置期間】５年以内<br>【金利補給期間】当初３年間、４年目以降は所定金利<br><br>（詳細は経済産業省ホームページリンク先P.19を参照ください。）","https://www.meti.go.jp/covid-19/pdf/pamphlet.pdf","経済産業省&nbsp;中小企業金融・給付金相談窓口","https://www.meti.go.jp/press/2020/04/20200408002/20200408002.html","","資金繰り","資金繰り&nbsp;借入&nbsp;借金&nbsp;個人事業者&nbsp;無利息",2020/05/07 09:14:00,2020/04/07 14:35:00
70,"小規模企業共済制度の特例緊急経営安定貸付等","小規模企業共済の契約者に対して、（独）中小企業基盤整備 機構が経営の安定を図るための事業資金を貸付ける制度","【対象者】 新型コロナウイルス感染症の影響を受けて、業況が悪化したことにより最近 １か月の売上高が前年又は前々年の同期と比較して５％以上減少してい る小規模企業共済の貸付資格を有する契約者の方<br>【貸付限度額】 2&#44;000万円（ただし、契約者が納付した掛金の総額の７～９割の範囲内）<br>【貸付利率】 無利子 <br>【償還期間】 貸付金額500万円以下の場合は4年、貸付金額が505万円以上の場合 は6年（いずれも据置期間1年を含む。） <br>【償還方法】 ６か月ごとの元金均等割賦償還 <br>【担保、保証人】 不要<br>【共済契約者貸付利用者の延滞利子の免除】※条件あり<br>【掛金の納付期限の延長等】<br>&nbsp;①掛金の納付期限の延長、②掛金月額の減額のいずれか（※条件あり）<br><br>（詳細は経済産業省ホームページリンク先P.23・24を参照ください）","https://www.meti.go.jp/covid-19/pdf/pamphlet.pdf","中小基盤整備機構&nbsp;共済相談室","https://www.meti.go.jp/covid-19/pdf/pamphlet.pdf","","資金繰り","資金繰り&nbsp;借入&nbsp;借金&nbsp;個人事業主&nbsp;個人事業者",2020/04/21 09:41:00,2020/04/15 09:20:00
1,"大阪産業創造館の経営相談窓口","新型コロナウィルスに関する中小企業・小規模事業者向け経営相談","大阪産業創造館（２F中小企業プラザ内）にて経営相談を受け付けています。<br>「大阪府よろず支援拠点」に設置された『新型コロナウィルスに関する中小企業・小規模事業者相談窓口』で実施。<br>※現在、電話での相談対応となります。<br><br>（詳細はリンク先の大阪市ホームページをご覧ください）","https://www.city.osaka.lg.jp/keizaisenryaku/page/0000493839.html","大阪府よろず支援拠点（大阪産業創造館２階）","https://www.city.osaka.lg.jp/keizaisenryaku/page/0000493839.html","","相談等","個人事業者&nbsp;個人事業主",2020/04/21 14:19:00,2020/03/31 16:17:00
2,"大阪信用保証協会の経営相談窓口","新型コロナウイルス感染症に関する経営相談&nbsp;※電話による休日相談も実施","大阪信用保証協会にて新型コロナウイルス感染症に関する経営相談を受け付けています。<br>※電話による休日相談（土日祝日）あり<br><br>（詳細はリンク先の大阪信用保証協会ホームページをご覧ください）","https://www.cgc-osaka.jp/news/2019/261","大阪信用保証協会","https://www.cgc-osaka.jp/news/2019/261","","相談等;#資金繰り","資金繰り&nbsp;融資&nbsp;借入&nbsp;借金",2020/04/21 14:19:00,2020/03/31 16:18:00
3,"日本政策金融公庫の特別相談窓口","新型コロナウイルス感染症に関する特別相談","日本政策金融公庫にて新型コロナウイルス感染症に関する特別相談を受け付けています。<br><br>（詳細はリンク先の日本政策金融公庫ホームページをご覧ください）","https://www.jfc.go.jp/n/finance/saftynet/covid_19.html#sodan","日本政策金融公庫","https://www.jfc.go.jp/n/finance/saftynet/covid_19.html#sodan","","相談等;#資金繰り","資金繰り&nbsp;融資&nbsp;借入&nbsp;借金",2020/04/21 14:19:00,2020/03/31 16:19:00
5,"商工組合中央金庫の特別相談窓口","新型コロナウイルス感染症に関する特別相談","商工組合中央金庫にて新型コロナウイルス感染症に関する特別相談を受け付けています。<br><br>（詳細はリンク先の商工組合中央金庫ホームページをご覧ください）","https://www.shokochukin.co.jp/disaster/corona.html","商工組合中央金庫","https://www.shokochukin.co.jp/disaster/corona.html","","相談等;#資金繰り","資金繰り&nbsp;融資&nbsp;借入&nbsp;借金",2020/04/21 14:20:00,2020/03/31 17:18:00
6,"特別労働相談窓口","大阪労働局における新型コロナウイルス感染症の影響による特別労働相談","大阪労働局にて新型コロナウイルス感染症の影響による特別労働相談を受け付けています。<br>・新型コロナ感染症の影響による一般的な労働相談<br>・企業及び労働者・従業員からの特別休暇の導入に係る相談<br>・特別休暇制度導入に係る企業訪問による就業規則の整備支援等の無料コンサルティング<br><br>（詳細はリンク先の大阪労働局ホームページをご覧ください）","https://jsite.mhlw.go.jp/osaka-roudoukyoku/20200213_00005.html","大阪労働局","https://jsite.mhlw.go.jp/osaka-roudoukyoku/20200213_00005.html","","相談等;#雇用・従業員","労務管理&nbsp;働き方改革&nbsp;テレワーク&nbsp;派遣&nbsp;採用&nbsp;解雇&nbsp;雇止め&nbsp;休業要請&nbsp;学校&nbsp;感染",2020/05/13 09:16:00,2020/03/31 17:21:00
7,"宿泊事業者・旅行業者等向け特別相談窓口","近畿運輸局における外国人観光客減少等の経営環境の変化に直面している宿泊事業者や旅行業者等向けの特別相談","外国人観光客減少等の経営環境の変化に直面している宿泊事業者や旅行業者等からの相談・要望に対応する特別相談を受け付けています。<br><br>（詳細はリンク先の観光庁ホームページをご覧ください）","http://www.mlit.go.jp/kankocho/topics06_000253.html","近畿運輸局観光部観光企画課","http://wwwtb.mlit.go.jp/kinki/saigai/kikikanri-coronavirus.html","","相談等","インバウンド ツアー中止 自粛 キャンセル",2020/04/21 14:23:00,2020/03/31 17:22:00
48,"新型コロナウイルス感染症の影響を受ける中小・小規模事業者向け経営相談体制強化事業","中小・小規模事業者の多様な経営課題の解決に向けた、よろず支援拠点や商工会議所等の経営相談窓口での対応強化など","全国のよろず支援拠点、商工会・商工会議所における経営相談の体制の強化、専門家派遣体制の強化<br><br>（詳細はリンク先の経済産業省ホームページリンク先P.18を参照ください。）","https://www.meti.go.jp/main/yosan/yosan_fy2020/hosei/pdf/hosei_yosan_pr.pdf","中小企業庁","https://www.meti.go.jp/main/yosan/yosan_fy2020/hosei/pdf/hosei_yosan_pr.pdf","","相談等","個人事業者  個人事業主",2020/05/01 09:23:00,2020/04/07 14:38:00
21,"ものづくり・商業・サービス補助金","中小企業・小規模事業者向けの、新製品・サービス開発や生産プロセス改善のための設備投資等にかかる補助制度（全国中小企業団体中央会）","新製品・サービス開発や生産プロセス改善等のための設備投資等を支援<br>（活用例）<br>・部品の調達が困難となり、自社で部品の内製化を図るために設備投資を行う<br>・感染症の影響を受けている取引先から新たな部品供給要請を受けて、生産ラインを新設・増強する<br>・中国の自社工場が操業停止し、国内に拠点を移転する<br><br>対象：中小企業・小規模事業者等<br>補助上限：原則1&#44;000万円<br>補助率：最大2/3<br><br>2020年5月20日まで（第2次締切）<br>&nbsp;令和2年8月（3次）、11月（4次）、令和3年2月（5次）に締切り予定<br><br>（詳細はリンク先の全国中小企業団体中央会ホームページを参照ください）","http://portal.monodukuri-hojo.jp/","ものづくり補助金事務局サポートセンター（全国中小企業団体中央会）","http://portal.monodukuri-hojo.jp/about.html","","補助制度・給付金;#設備投資、消費喚起等","個人事業主&nbsp;個人事業者&nbsp;サプライチェーン&nbsp;試作品&nbsp;製造業&nbsp;機械装置&nbsp;販売促進&nbsp;システム&nbsp;テレワーク&nbsp;インターネット販売&nbsp;非対面",2020/05/07 09:49:00,2020/03/31 17:53:00
22,"小規模事業者持続化補助金","小規模事業者向けの販路開拓等にかかる補助制度（大阪商工会議所）","小規模事業者の販路開拓等のための取組を支援<br>（活用例）<br>・小売店が、インバウンド需要の減少を踏まえ、店舗販売の縮小を補うべく、インターネット販売を強化する等、ビジネスモデル転換を図る<br>・旅館が、自動受付機を導入し、省人化する<br><br>対象：小規模事業者等<br>補助額：上限100万円<br>補助率：2/3<br><br>2020年6月5日まで（第2回締切）<br>令和2年10月（3次）、令和3年2月（4次）に締切り予定<br><br>（詳細はリンク先の大阪商工会議所ホームページを参照ください）","https://www.osaka.cci.or.jp/emergency/200313jizokukahojokin.pdf","大阪商工会議所（各支部）","https://www.osaka.cci.or.jp/emergency/200313jizokukahojokin.pdf","","補助制度・給付金;#設備投資、消費喚起等","個人事業主&nbsp;個人事業者&nbsp;生産性向上&nbsp;海外市場&nbsp;集客&nbsp;販促&nbsp;販売促進&nbsp;展示会&nbsp;見本市&nbsp;新商品開発&nbsp;インターネット販売&nbsp;PR&nbsp;業務効率化&nbsp;IT化",2020/05/07 09:51:00,2020/03/31 17:54:00
23,"IT導入補助金","中小企業・小規模事業者向けのＩＴツール導入にかかる補助制度","事業継続性確保の観点から、ＩＴツール導入による業務効率化を支援<br>（具体例）<br>・在宅勤務制度を新たに導入するため、業務効率化ツールと共にテレワークツールを導入する<br><br>対象：中小企業・小規模事業者等<br>補助額：30～450万円<br>補助率：最大2/3<br><br>2020年5月29日まで（第２次締切）<br>令和2年9月、12月に締切り予定<br><br>（詳細はリンク先の一般社団法人 サービスデザイン推進協議会ホームページを参照ください）","https://www.it-hojo.jp/2020emergency/","サービス等生産性向上IT導入支援事業コールセンター（リンク先P.16を参照ください）","https://www.it-hojo.jp/r01/doc/pdf/R1_application_guidelines_temporary.pdf","","補助制度・給付金","生産性向上&nbsp;働き方改革&nbsp;個人事業主&nbsp;個人事業者&nbsp;非対面&nbsp;サプライチェーン",2020/05/07 09:56:00,2020/03/31 17:55:00
62,"大規模感染リスクを低減するための高機能換気設備等の導入支援事業","飲食店等における換気設備をはじめとする高効率機器等の導入を支援","新型コロナウィルス感染症の影響により、不特定多数の方が集まるような飲食店等では、 業況が急激に悪化している。そこで、飲食店などの不特定多数の人が利用する施設等を対 象に、密閉空間とならないよう、換気能力が高く、同時に建築物の省CO2化促進にも資す る高機能換気設備などの高効率機器等の導入を支援する。 <br>【補助】補助対象施設及び補助率： ① 中小企業が運営する不特定多数の人が利用する業務用施設（飲食店等）（補助率 2/3）<br> ② ①以外のその他業務用施設（補助率1/2） 補助対象設備：高機能換気設備、空調設備等 <br>【委託】 ③ 補助対象事業者等の協力を得て、新型コロナウイルス終息後に、環境や「３密」対策 をする飲食店等の利用客が増加しているかをナッジ（行動変容をそっと後押しする） を活用して検証する事業を実施するとともに、換気・空調・空気清浄設備の更なる高 機能化に向けた評価検証を実施する。<br><br>（詳細はリンク先の環境省ホームページを参照ください）","http://www.env.go.jp/earth/earth/ondanka/energy-taisakutokubetsu-kaikeir02/r2hosei_kankir.pdf","環境省地球環境局地球温暖化対策課","http://www.env.go.jp/earth/earth/ondanka/energy-taisakutokubetsu-kaikeir02/r2hosei_kankir.pdf","","補助制度・給付金;#設備投資、消費喚起等","飲食業&nbsp;感染防止",2020/05/01 09:24:00,2020/04/08 21:45:00
74,"働き方改革推進支援助成金（職場意識改善特例コース）","従業員の病気休暇制度や、子どもの休校・休園に関する特別休暇制度の整備等に取り組む中小企業事業主向けの助成金","対象：新型コロナウイルス感染症対策として、特別休暇の規定を新たに整備する、労働者災害補償保険の適用中小企業事業主<br>補助率：３／４（条件を満たした場合４／５、上限50万円）<br>助成の対象となる事業の実施期間：令和２年２月１７日～５月３１日（申請期限５月２９日必着）<br>対象の取組：<br>１&nbsp;労務管理担当者に対する研修<br>２&nbsp;労働者に対する研修、周知・啓発<br>３&nbsp;外部専門家（社会保険労務士、中小企業診断士など） によるコンサルティング<br>４&nbsp;就業規則等の作成・変更<br>５&nbsp;人材確保に向けた取組<br>６&nbsp;労務管理用ソフトウェアの導入・更新<br>７&nbsp;労務管理用機器の導入・更新<br>８&nbsp;デジタル式運行記録計（デジタコ）の導入・更新<br>９&nbsp;テレワーク用通信機器の導入・更新<br>10 労働能率の増進に資する設備・機器等の導入・更新<br>&nbsp;（小売業のＰＯＳ装置、自動車修理業の自動車リフト、運送業の洗車機など）<br>&nbsp;※ パソコン、タブレット、スマートフォンの購入費用は対象外<br><br>（詳細はリンク先の厚生労働省ホームページを参照ください）","https://www.mhlw.go.jp/stf/seisakunitsuite/bunya/koyou_roudou/roudoukijun/jikan/syokubaisiki.html","大阪労働局&nbsp;雇用環境・均等部","https://www.mhlw.go.jp/kouseiroudoushou/shozaiannai/roudoukyoku/osaka/","","補助制度・給付金;#雇用・従業員","労働者&nbsp;補助金&nbsp;感染",2020/04/21 09:31:00,2020/04/21 09:31:00
28,"テレワークに関する情報提供（厚生労働省）","在宅勤務等のテレワーク導入事例の紹介やテレワークに関する無償相談","テレワーク導入事例の紹介（テレワーク総合ポータルサイト、テレワークに関する無償相談<br><br>（詳細はリンク先の厚生労働省ホームページを参照ください）","https://telework.mhlw.go.jp/","テレワーク相談センター（厚生労働省委託）","https://www.tw-sodan.jp/","","相談等;#雇用・従業員","労務管理&nbsp;働き方改革",2020/04/21 14:34:00,2020/04/02 11:25:00
29,"働き方改革推進支援助成金（テレワークコース）","新型コロナウイルス感染症対策として在宅勤務等のテレワーク等を新規導入する中小企業事業主向けの助成制度","対象：新型コロナウイルス感染症対策としてテレワークを新規（試行的に導入している事業主も対象）で導入する中小企業事業主<br>（労働者災害補償保険の適用中小企業事業主であること）<br>補助率：1/2（上限100万円）<br>助成の対象となる事業の実施期間：令和２年２月１７日～５月３１日<br>対象の取組：<br>&nbsp;・テレワーク用通信機器（※）の導入・運用<br>&nbsp;・就業規則・労使協定等の作成・変更<br>&nbsp;・労務管理担当者に対する研修<br>&nbsp;・労働者 従業員に対する研修、周知・啓発<br>&nbsp;・外部専門家（社会保険労務士など）によるコンサルティング&nbsp;等<br>&nbsp;※ パソコン、タブレット、スマートフォンの購入費用は対象外<br><br>（詳細はリンク先の厚生労働省ホームページを参照ください）","https://www.mhlw.go.jp/stf/seisakunitsuite/bunya/koyou_roudou/roudoukijun/jikan/syokubaisikitelework.html","テレワーク相談センター（厚生労働省委託）","https://www.tw-sodan.jp/","","補助制度・給付金;#雇用・従業員","生産性向上",2020/04/21 14:34:00,2020/04/02 11:26:00
30,"テレワークに関する情報提供（総務省）","在宅勤務等のテレワーク導入事例等の紹介","ICTの活用で時間や場所にとらわれない柔軟な働き方ができる「テレワーク」情報を集めた情報サイトです<br><br>（詳細はリンク先の総務省ホームページを参照ください）","https://www.soumu.go.jp/main_sosiki/joho_tsusin/telework/furusato-telework/index.html","テレワーク相談センター（厚生労働省委託）","http://www.tw-sodan.jp/","","相談等;#雇用・従業員","労務管理&nbsp;働き方改革",2020/04/21 14:34:00,2020/04/07 13:51:00
58,"テレワークマネージャー相談事業","テレワークの知見、ノウハウ等を有する専門家（テレワークマネージャー）が、無料で在宅勤務等のテレワーク導入等に関するアドバイス等を実施","1&nbsp;相談事業の概要<br>(1)&nbsp;対象団体<br>&nbsp;(ア)&nbsp;民間企業（株式会社、合名会社、合資会社、合同会社等又は特定非営利活動法人）<br>&nbsp;(イ)&nbsp;都道府県・市町村等の地方公共団体及びそれに準ずる団体等<br>(2)&nbsp;相談内容<br>&nbsp;&nbsp;テレワーク導入の効果説明、システム導入方法の説明、導入に向けての支援&nbsp;等<br>&nbsp;&nbsp;※新型コロナウイルス感染症対策のため、当面の間は、Web・電話相談を実施します。テレワークマネージャー<br>&nbsp;&nbsp;&nbsp;の派遣による相談の再開時期は、別途、総務省HPでお知らせします。<br>(3)&nbsp;相談実施期間<br>&nbsp;&nbsp;令和2年4月1日（水）～令和3年3月31日（水）<br>(4)&nbsp;費用<br>&nbsp;&nbsp;コンサルティング費用：無料<br>&nbsp;&nbsp;コンサルティングにかかる通信費（電話料金やネット通信料）：実費負担<br><br>（詳細はリンク先の総務省ホームページを参照ください）","https://www.soumu.go.jp/menu_kyotsuu/important/kinkyu02_000400.html","テレワークマネージャー相談事業事務局","https://www.nttdata-strategy.com/r01telework/","","相談等;#雇用・従業員","労務管理&nbsp;働き方改革",2020/04/21 14:35:00,2020/04/07 14:55:00
66,"中小企業デジタル化応援隊事業","中小企業のデジタル化・IT活用を支援する民間IT専門家（フリーランス、兼業・副業人材を含む）に対する補助等","・IT専門家が、ECサイト構築や在宅勤務等のテレワーク導入相談等の支援サービスを中小企業に提供した場合に、提携業務毎に定める単価と支援実績等に応じて定額を補助（ただし、中小企業に一定の自己負担あり）<br>・中小企業のITツール導入支援のためのプラットフォームの整備&nbsp;など<br><br>（詳細は経済産業省ホームページリンク先P.38を参照ください）","https://www.meti.go.jp/main/yosan/yosan_fy2020/hosei/pdf/hosei_yosan_pr.pdf","中⼩企業庁など","https://www.meti.go.jp/main/yosan/yosan_fy2020/hosei/pdf/hosei_yosan_pr.pdf","","相談等;#補助制度・給付金","労務管理&nbsp;働き方改革&nbsp;個人事業者&nbsp;個人事業主&nbsp;インターネット販売&nbsp;補助金",2020/05/01 09:24:00,2020/04/08 21:54:00
51,"中小事業者等が所有する償却資産及び事業用家屋に係る固定資産税及び都市計画税の軽減措置","中小企業・小規模事業者の保有する設備や建物等にかかる固定資産税・都市計画税の減免等","①固定資産税・都市計画税の減免<br>【減免対象】<br>・設備等の償却資産及び事業用家屋に対する固定資産税<br>・事業用家屋に対する都市計画税<br>2020年2月から10月までの任意の3か月間の売上高の対前年同期比減少率が、&nbsp;<br>30％以上50％未満（減免率1/2）<br>50%以上減少（全額減免）<br><br>②固定資産税の特例の拡充・延長<br>特例の適用対象に事業用家屋と構築物を追加するとともに、2021年3月までとなっている適用期限の2年間延長<br><br>（詳細は経済産業省ホームページリンク先P.65をご覧ください）<br>（※①については、次項を参照）","https://www.meti.go.jp/covid-19/pdf/pamphlet.pdf","中小企業庁","https://www.meti.go.jp/covid-19/pdf/pamphlet.pdf","","設備投資、消費喚起等;#税・社会保険料等","生産性向上&nbsp;設備投資",2020/05/11 09:38:00,2020/04/07 14:42:00
123,"固定資産税・都市計画税（2021年度）の減免","新型コロナウイルス感染症の影響で事業収入が減少している中小企業者・小規模事業者の2021年度の固定資産税・都市計画税を減免します。 ","中小企業・小規模事業者の税負担を軽減するため、事業者の保有する建物や設備の2021年度の固定資産税及び都市計画税を、事業収入の減少幅に応じ、ゼロまたは1／2とします。<br><br>＜減免対象＞&nbsp;※いずれも市町村税（東京都23区においては都税）<br>事業用家屋及び設備等の償却資産に対する固定資産税（通常、取得額または評価額の1.4％）<br>事業用家屋に対する都市計画税（通常、評価額の0.3％）<br><br>020年2月～10月までの任意の連続する３ヶ月間の事業収入の対前年同期比減少率 <br>(減免率)<br>50％以上減少 : 全額<br>30％以上50％未満 : ２分の１","https://www.chusho.meti.go.jp/zaimu/zeisei/2020/200501zeisei.html","中小企業庁","https://www.chusho.meti.go.jp/zaimu/zeisei/2020/200501zeisei.html","","税・社会保険料等","固定資産税",2020/05/11 09:37:00,2020/05/11 09:27:00
32,"下請取引にかかる相談","中小企業・小規模事業者・個人事業主等の取引上のお困りごとの相談","中小企業・小規模事業者等の取引上のお悩み相談を広く受け付けている「下請かけこみ寺」では、「新型コロナウイルス感染症」の影響を受け、取引でお困りの事業者の相談を受け付けています。<br><br>（詳細はリンク先の公益財団法人全国中小企業振興機関協会ホームページをご覧ください）","https://www.zenkyo.or.jp/kakekomi/","下請かけこみ寺（大阪産業局）","https://www.zenkyo.or.jp/kakekomi/address.htm","","相談等","個人事業者&nbsp;フリーランス&nbsp;取引停止&nbsp;取引中止&nbsp;トラブル&nbsp;代金&nbsp;未払い&nbsp;調停&nbsp;紛争",2020/04/21 14:38:00,2020/04/07 13:54:00
34,"下請けＧメンによる実態把握","下請けGメンによる中小企業の取引上のお困りごとについてのヒアリング","全国で120名の下請Gメンが中小企業を訪問し、取引上のお困りごとについてヒアリングしています。<br>ヒアリングにご協力いただける場合は、下請Gメンヒアリング担当までご連絡ください。<br><br>（詳細はリンク先の中小企業庁ホームページをご覧ください）","https://www.chusho.meti.go.jp/keiei/torihiki/Gmenhoumon.htm","近畿経済産業局","https://www.chusho.meti.go.jp/keiei/torihiki/Gmenhoumon.htm","","相談等","個人事業主&nbsp;個人事業者&nbsp;フリーランス&nbsp;トラブル",2020/04/21 14:40:00,2020/04/07 13:57:00
35,"休業や労働時間の変更にかかる情報提供","労働者・従業員を休ませる場合の措置や労働時間の考え方についてのQ&amp;Aの情報提供","新型コロナウイルス感染症に関連して、労働者を休ませる場合の措置や労働時間の考え方についてのQ&amp;Aをまとめています。<br><br>（詳細はリンク先の厚生労働省ホームページをご覧ください）","https://www.mhlw.go.jp/stf/seisakunitsuite/bunya/kenkou_iryou/dengue_fever_qa_00007.html","厚生労働省","","","相談等;#雇用・従業員","労務管理&nbsp;働き方改革&nbsp;テレワーク&nbsp;派遣&nbsp;採用&nbsp;解雇&nbsp;雇止め&nbsp;休業要請&nbsp;学校&nbsp;感染",2020/04/21 14:41:00,2020/04/07 14:01:00
36,"外国人の在留資格取り扱い（技能実習生の在留資格変更手続き）","新型コロナウイルス感染症の影響に伴う外国人の在留取り扱いの変更","新型コロナウイルス感染症の影響に伴い、外国人の在留資格の取扱いが変更されています。<br>本国への帰国が困難な場合、「短期滞在(30日・就労不可)」又は「特定活動(30日・就労可)」への在留資格変更が可能です。<br>試験の取りやめなどで、技能実習の次の段階(2号又は3号)へ移行できない場合、「特定活動(4か月・就労可)」への在留資格変更が可能です。<br>技能実習2号を修了後、特定技能1号への移行に時間がかかる場合、「特定活動(4か月・就労可)」への在留資格変更が可能です。<br><br>（詳細はリンク先の法務省ホームページをご覧ください）","http://www.moj.go.jp/nyuukokukanri/kouhou/nyuukokukanri07_00026.html","大阪出入国在留管理局","http://www.immi-moj.go.jp/soshiki/kikou/osaka.html","","雇用・従業員","外国人人材",2020/04/21 14:41:00,2020/04/07 14:02:00
37,"厚生年金保険料の猶予制度","一時的に厚生年金基金の特例解散時に事業主が負担する額（基金徴収金）を納付することが困難な場合の猶予制度","新型コロナウイルスの感染拡大の影響により事業所の経営状況等に相当な影響があり、一時的に厚生年金基金の特例解散時に事業主が負担する額（基金徴収金）を納付することが困難な場合については、事業主の方からの申し出に基づき以下の1から4のいずれかの対応が認められる場合があります。<br>1.各月の納付予定額の変更<br>2.分割納付期限の延長<br>3.分割納付額の変更<br>4.計画期間の延長を行う場合<br><br>（詳細はリンク先の日本年金機構ホームページをご覧ください）","https://www.nenkin.go.jp/oshirase/taisetu/2020/202003/20200325.html","年金事務所","https://www.nenkin.go.jp/section/soudan/osaka/index.html","","税・社会保険料等","事業主負担分&nbsp;納付猶予&nbsp;支払い",2020/04/21 14:42:00,2020/04/07 14:03:00
38,"国税の納付の猶予制度","個人事業者等の税納付の猶予制度","新型コロナウイルス感染症の影響により国税を一時的に納付することが困難な場合には、税務署に申請することにより、次の要件のすべてに該当するときは、原則として １年以内の期間に限り、猶予が認められます。<br> ① 国税を一時に納付することにより、事業の継続又は生活の 維持を困難にするおそれがあると認められること。 <br> ② 納税について誠実な意思を有すると認められること。 <br> ③ 猶予を受けようとする国税以外の国税の滞納がないこと。 <br> ④ 納付すべき国税の納期限から６か月以内に申請書が提出されていること<br><br>（詳細はリンク先の国税庁ホームページをご覧ください）","https://www.nta.go.jp/taxes/nozei/nofu_konnan.htm","税務署（管轄一覧）","https://www.nta.go.jp/about/organization/osaka/location/osaka.htm","","税・社会保険料等","税金&nbsp;納付猶予&nbsp;支払い",2020/04/21 14:43:00,2020/04/07 14:05:00
40,"（国税）税務申告・納付期限の延長","個人事業者等の税申告・納付期限の延長","申告所得税、贈与税及び個人事業者の消費税の申告・納付期限が令和2年4月16日（木）まで延長されました。なお、昨今の新型コロナウイルス感染症の拡大状況に鑑み、令和2年4月17日（金）以降であっても柔軟に確定申告書を受け付けることとしています。<br><br>（詳細はリンク先の国税庁ホームページをご覧ください）","https://www.nta.go.jp/taxes/shiraberu/shinkoku/kansensho/kigenencho.htm","税務署（管轄一覧）","https://www.nta.go.jp/about/organization/osaka/location/osaka.htm","","税・社会保険料等","税金&nbsp;申告期限&nbsp;支払い",2020/04/21 14:43:00,2020/04/07 14:07:00
41,"電気・ガス料金の支払いについて","支払い期日の猶予等の特別措置","詳細はリンク先の経済産業省ホームページ、対応状況については各社のホームページをご覧ください。","https://www.enecho.meti.go.jp/coronavirus/","参考：経済産業省ホームページ&nbsp;対応予定企業一覧","https://www.enecho.meti.go.jp/coronavirus/","","税・社会保険料等","納付猶予、電気料金、電気代、ガス代",2020/04/21 14:46:00,2020/04/07 14:09:00
50,"収入が減少した事業者の税・社会保険料の納付猶予&nbsp;&nbsp;※国会での関係法案成立が前提 ","収入に相当の減少があった事業者の国税・地方税及び社会保険料についての納付猶予の特例  ","収入に相当の減少があった事業者の国税・地方税及び社会保険料について、無担保かつ延滞税なしで１年間、納付を猶予する特例を設ける。<br><br>（詳細はリンク先の財務省ホームページをご覧ください）","https://www.mof.go.jp/tax_policy/keizaitaisaku_shiryou.pdf","財務省など","","","税・社会保険料等","税金&nbsp;事業主負担分&nbsp;健康保険料&nbsp;介護保険料&nbsp;厚生年金保険料&nbsp;雇用保険料&nbsp;労災保険料&nbsp;支払い",2020/04/21 14:47:00,2020/04/07 14:41:00
53,"テレワーク等のための中小企業の設備投資税制","中小企業の在宅勤務等のテレワーク用設備導入にかかる少額減価償却資産の特例など","①少額減価償却資産の特例<br>中小企業は、30万円未満のテレワーク用設備（パソコンやソフトウェア）について全額損金算入することが可能です。<br>②中小企業経営強化税制<br>&nbsp;テレワーク用設備等にかかる即時償却又は設備投資額の7％（資本金が3&#44;000万円以下の法人は10％）の税額控除<br><br>（詳細は経済産業省ホームページリンク先P.53をご覧ください）","https://www.meti.go.jp/covid-19/pdf/pamphlet.pdf","中小企業庁","https://www.meti.go.jp/covid-19/pdf/pamphlet.pdf","","設備投資、消費喚起等;#税・社会保険料等","労務管理&nbsp;働き方改革&nbsp;生産性向上",2020/05/07 09:20:00,2020/04/07 14:44:00
55,"感染症対策を含む中小企業強靭化対策事業","中小・小規模事業者に対する、感染症対策を始めとする自然災害等への事前対策にかかる事業継続力強化計画を含むBCPの策定支援","・新型コロナウイルス感染症対策に特化したBCP策定ガイドライン、感染症対策を盛り込んだ事業継続力強化策定の手引きの公表<br>・新型コロナウイルス感染症を含む自然災害等へ備えるための事業継続力強化計画の策定を支援（専門家の無料派遣等）<br><br>（詳細は経済産業省ホームページリンク先P.42をご覧ください)","https://www.meti.go.jp/covid-19/pdf/pamphlet.pdf","中小企業庁","https://www.meti.go.jp/covid-19/pdf/pamphlet.pdf","","相談等","災害対応&nbsp;災害対策&nbsp;サプライチェーン",2020/05/01 09:26:00,2020/04/07 14:46:00
56,"非対面・遠隔の海外展開支援事業","越境EC等の利活用による中堅・中小企業の海外展開の拡大・販路や市場開拓の支援など","・主要な海外ECサイトに特設サイトを設置し、地域の中堅・中小企業の商品の販路開拓を支援<br>・ジェトロにおけるデジタルプラットフォームの構築及びオンライン商談会の実現&nbsp;など<br><br>（詳細は経済産業省ホームページリンク先P.35をご覧ください）","https://www.meti.go.jp/main/yosan/yosan_fy2020/hosei/pdf/hosei_yosan_pr.pdf","貿易経済協力局など","https://www.meti.go.jp/main/yosan/yosan_fy2020/hosei/pdf/hosei_yosan_pr.pdf","","設備投資、消費喚起等","海外市場&nbsp;アウトバウンド&nbsp;インターネット販売",2020/05/01 09:25:00,2020/04/07 14:47:00
63,"ＪＡＰＡＮブランド育成支援等事業","域産品・サービスの磨き上げやブランド力の強化、発信活動・新市場の開拓支援","地域産品・サービスの磨き上げによる海外展開や全国展開、新たな観光インバウンド需要の獲得に関する取組みにかかる経費の一部補助&nbsp;など<br>（補助上限額：500万円&nbsp;※複数者による共同申請の場合は上限2&#44;000万円&nbsp;、補助率&nbsp;2/3以内）<br><br>（詳細は経済産業省ホームページリンク先P.21をご覧ください）","https://www.meti.go.jp/main/yosan/yosan_fy2020/hosei/pdf/hosei_yosan_pr.pdf","中小企業庁","https://www.meti.go.jp/main/yosan/yosan_fy2020/hosei/pdf/hosei_yosan_pr.pdf","","補助制度・給付金;#設備投資、消費喚起等","新商品&nbsp;アウトバウンド&nbsp;インターネット販売&nbsp;EC",2020/05/01 09:26:00,2020/04/08 21:46:00
64,"サプライチェーン対策のための国内投資促進事業費補助金","特定国に依存する製品・部素材、または国民が健康な生活を営む上で重要な製品について、国内で生産拠点等を整備しようとする場合の設備導入等の支援","・特定国に依存する製品・部素材の依存度低減のための拠点整備<br> 補助率&nbsp;大企業1/2、中小企業等2/3、中小企業等グループ3/4<br>・国民が健康な生活を営む上で重要な製品等の生産拠点等整備<br> 補助率&nbsp;大企業2/3、中小企業3/4<br>※補助対象経費&nbsp;建物・設備の導入（F/S含む）<br><br>（詳細は経済産業省ホームページリンク先P.24をご覧ください）","https://www.meti.go.jp/main/yosan/yosan_fy2020/hosei/pdf/hosei_yosan_pr.pdf","地域経済産業グループ","https://www.meti.go.jp/main/yosan/yosan_fy2020/hosei/pdf/hosei_yosan_pr.pdf","","補助制度・給付金;#設備投資、消費喚起等","国内回帰&nbsp;内製化&nbsp;国内生産&nbsp;設備投資",2020/05/01 09:26:00,2020/04/08 21:48:00
65,"コンテンツグローバル需要創出促進事業 ","観光イ ンバウンド需要喚起や海外市場獲得に向け、コンテンツ関連事業者が行う、音楽・演劇等の公演の実施及びその海外動画配信の支援","新型コロナウイルス感染症の影響でプロモーションの機会が失われたコンテンツ事業者に対し、音楽、演劇等の公演を国内で実施する費用の一部を補助<br><br>（詳細は経済産業省ページリンク先P.32をご覧ください）","https://www.meti.go.jp/main/yosan/yosan_fy2020/hosei/pdf/hosei_yosan_pr.pdf","商務情報政策局など","https://www.meti.go.jp/main/yosan/yosan_fy2020/hosei/pdf/hosei_yosan_pr.pdf","","補助制度・給付金;#設備投資、消費喚起等","アウトバウンド&nbsp;フリーランス&nbsp;中小企業",2020/05/01 09:25:00,2020/04/08 21:52:00
71,"イベントを中止等した主催者に対する払戻請求権を放棄した観客等への寄付金控除","文化芸術・スポーツイベントを中止等した主催者に対する払戻請求権を放棄した観客等への寄付金控除による払い戻しの減少・主催者の負担軽減を図る制度","中止等（中止・延期・規模縮小）された文化芸術・スポーツイベントについて、チケットの払戻しを受けない（放棄する）ことを選択された方は、その金額分を「寄附」と見なし、税優遇（寄附金控除）を受けられる新たな制度を創設します。<br><br>【寄付金控除までの流れ】<br>①主催者等からの申請に基づき、文化庁・スポーツ庁が対象イベントを指定<br>②参加者が主催者に払戻しを受けないことを連絡。主催者等から、対象イベント認定証明書（仮称）と払戻請求権放棄証明書（仮称）を入手<br>③確定申告の際に、上記２点の証明書とともに申告。寄付金として税優遇の対象となる。<br><br>（詳細はリンク先の文化庁ホームページをご覧ください）","https://www.bunka.go.jp/koho_hodo_oshirase/sonota_oshirase/pdf/2020020601_05.pdf","文化庁・スポーツ庁","https://www.bunka.go.jp/koho_hodo_oshirase/sonota_oshirase/pdf/2020020601_05.pdf","","資金繰り","エンターテイメント&nbsp;キャンセル",2020/05/07 09:21:00,2020/04/15 14:43:00
73,"生産性向上特別措置法に基づく「先端設備等導入計画」の認定申請受付（固定資産税の軽減）","新たに取得した機械装置、測定工具及び検査工具、器具備品、建物附属設備について、固定資産税の軽減を受けるために必要な認定","大阪市内に事業所を有する中小企業者が労働生産性を一定向上させるため策定する先端設備等導入計画を審査し、本市の導入促進基本計画に合致する場合に認定を行います。認定を受けられた中小企業者は、固定資産税の特例措置等の支援策に申請することができます。当該認定を受けて新たに行った生産性向上に資する設備投資にかかる償却資産の固定資産税は、当初3年間ゼロとなります。<br><br>（詳細はリンク先の大阪市ホームページをご覧ください）","https://www.city.osaka.lg.jp/keizaisenryaku/page/0000436801.html","大阪市経済戦略局 企業支援課（企業支援担当）","https://www.city.osaka.lg.jp/keizaisenryaku/page/0000436801.html","","設備投資、消費喚起等;#税・社会保険料等","販売促進",2020/04/21 09:29:00,2020/04/21 09:29:00
76,"通信料金等の支払い期限の延長等について","支払い期限の延長等の特別措置","詳細はリンク先の総務省ホームページ、対応状況については各社のホームページをご覧ください。","https://www.soumu.go.jp/menu_kyotsuu/important/kinkyu02_000398.html","参考：総務省ホームページ&nbsp;取組状況一覧","https://www.soumu.go.jp/main_content/000682993.pdf","","税・社会保険料等","猶予&nbsp;電話代&nbsp;インターネット料金&nbsp;ケーブルテレビ料金&nbsp;携帯電話料金&nbsp;携帯代&nbsp;固定電話料金",2020/04/21 15:25:00,2020/04/21 15:25:00
77,"市税に関する期限の延長等","個人市民税・府民税の申告期限の延長、市税の徴収猶予など","個人市民税・府民税の申告は、4月17日（金曜日）以降も受付を行います。<br>また、新型コロナウイルス感染症の影響により、市税の納付が困難である場合は、納税を猶予する制度があります。<br><br>（詳細はリンク先の大阪市ホームページをご覧ください）","https://www.city.osaka.lg.jp/zaisei/page/0000498238.html","所管の市税事務所（法人市民税・償却資産等は船場法人市税事務所）","https://www.city.osaka.lg.jp/zaisei/page/0000017856.html#0","","税・社会保険料等","納付猶予&nbsp;支払い&nbsp;税金&nbsp;事業所税&nbsp;固定資産税&nbsp;都市計画税",2020/04/21 15:28:00,2020/04/21 15:27:00
78,"水道料金の支払いに関する相談","水道料金の支払いに関する相談","収入が大幅に減少した等の事情により、一時的に水道料金・下水道使用料のお支払いが困難な場合は、お支払いに関するご相談に応じます。<br><br>（詳細はリンク先の大阪市ホームページをご覧ください）","https://www.city.osaka.lg.jp/suido/page/0000498529.html","大阪市水道局&nbsp;お客様センター","https://www.city.osaka.lg.jp/suido/page/0000498529.html","","税・社会保険料等","納付猶予&nbsp;支払い&nbsp;水道代",2020/04/21 15:30:00,2020/04/21 15:30:00
117,"水道料金及び下水道使用料の減免措置","令和2年7月検針分から9月検針分までの水道料金の基本料金及び下水道使用料の基本額について全額減免","市民の生活や経済活動を支援するため、本市と契約があるお客さまを対象に令和2年7月検針分から9月検針分までの水道料金の基本料金及び下水道使用料の基本額について、それぞれ全額を減免します。今回の減免につきましては、お客さまからの申し込み手続きは必要ありません。<br><br>（詳細はリンク先の大阪市ホームページをご覧ください。）","https://www.city.osaka.lg.jp/suido/page/0000502280.html","大阪市水道局お客さまセンター","https://www.city.osaka.lg.jp/suido/page/0000502280.html","","税・社会保険料等","",2020/05/07 09:28:00,2020/05/07 09:28:00
49,"国内外の中堅・中小企業等へのハンズオン支援&nbsp;","日本貿易振興機構（JETRO）における相談体制や情報発信機能の強化等","（１）JETROの相談対応・情報提供業務の強化<br>（２）地域の外国企業撤退防止策<br>（３）高度外国人材活躍推進プラットフォーム<br><br>（詳細は経済産業省ホームページリンク先P.31をご覧ください）","https://www.meti.go.jp/main/yosan/yosan_fy2020/hosei/pdf/hosei_yosan_pr.pdf","通商政策局など","https://www.meti.go.jp/main/yosan/yosan_fy2020/hosei/pdf/hosei_yosan_pr.pdf","","相談等;#設備投資、消費喚起等;#雇用・従業員","海外市場&nbsp;アウトバウンド&nbsp;海外展開&nbsp;サプライチェーン&nbsp;現地情報&nbsp;外国人人材&nbsp;採用&nbsp;雇用",2020/05/01 19:11:00,2020/04/07 14:40:00
54,"Go Toキャンペーン事業","今回の感染症の流行終束後、甚大な影響を受けた観光・運輸業、飲食業、イベント・エンターテイメント業などを対象に、期間限定の官民一体型の需要喚起キャンペーン","・商店街等によるキャンペーン期間中のイベント開催、プロモーション、観光商品開発等の実施<br>・消費者に対するクーポン等付与&nbsp;など<br><br>（詳細は経済産業省ホームページリンク先P.20をご覧ください）","https://www.meti.go.jp/main/yosan/yosan_fy2020/hosei/pdf/hosei_yosan_pr.pdf","経済産業省など","https://www.meti.go.jp/main/yosan/yosan_fy2020/hosei/pdf/hosei_yosan_pr.pdf","","設備投資、消費喚起等","消費喚起&nbsp;地域活性化",2020/05/01 09:27:00,2020/04/07 14:45:00
75,"賃貸物件のオーナーがテナントに対して賃料の減免・猶予等を行った場合等の支援措置","賃貸物件のオーナーがテナントに対して賃料の減額を行った場合等に税務上の支援措置等を受けることができます。","・テナントに対して賃料を減免した場合に、その損害額を税務上の損金として計上できることを明確化<br><br>（詳細はリンク先の国土交通省ホームページをご覧ください）","https://www.mlit.go.jp/totikensangyo/const/sosei_const_tk3_000166.html","国土交通省","https://www.mlit.go.jp/totikensangyo/const/sosei_const_tk3_000166.html","","税・社会保険料等","不動産  賃貸業  家賃",2020/04/21 14:58:00,2020/04/21 14:58:00
79,"宿泊施設バリアフリー化促進事業（宿泊事業者向け）","訪日外国人がストレスなく快適に滞在できる環境を構築するための宿泊施設のバリアフリー化改修工事に対する補助制度","【対象】旅館業法の営業許可を得た宿泊事業者（旅館・ホテル等）<br>※宿泊施設バリアフリー化促進事業計画を策定し、国土交通大臣の認定を受ける必要があります。<br><br>【補助率・上限】<br>①&nbsp;客室における必要最低限の緊急改修等（一般客室のレベルアップ）<br>定額補助（上限100万円）<br>②－１&nbsp;共用部の改修等<br>②－２&nbsp;客室の大規模改修等（ユニバーサルルーム化又は高齢者・障害者の利用しやすい一般客室化等）<br>１/２補助&nbsp;（②－１及び②－２の合算で合計500万円）&nbsp;<br><br>（詳細はリンク先の観光庁ホームページをご覧ください）","http://www.mlit.go.jp/kankocho/news06_000451.html","観光庁","http://www.mlit.go.jp/kankocho/news06_000451.html","","補助制度・給付金;#設備投資、消費喚起等","インバウンド  観光客  ホテル",2020/04/23 09:17:00,2020/04/23 09:17:00
80,"宿泊施設基本的ストレスフリー環境整備事業（宿泊事業者向け）","館内の無線LAN環境の整備、多言語化対応など、訪日外国人旅行者の受入環境整備に対する補助制度","【対象】<br>・宿泊事業者等団体（5者以上の宿泊事業者が共同で構成）の構成員である宿泊事業者<br>・DMO又は地方公共団体と連携して地域の訪日外国人の宿泊者数を向上させるための具体的な取組を行っている宿泊事業者<br>※訪日外国人宿泊者受入体制拡充計画を策定し、国土交通大臣の認定を受ける必要があります。<br><br>【補助率・上限】<br>1/3（上限150万円）<br><br>（詳細はリンク先の観光庁ホームページをご覧ください）","http://www.mlit.go.jp/kankocho/news06_000453.html","観光庁","http://www.mlit.go.jp/kankocho/news06_000453.html","","補助制度・給付金;#設備投資、消費喚起等","インバウンド&nbsp;観光客&nbsp;ホテル&nbsp;旅館",2020/04/23 09:19:00,2020/04/23 09:19:00
116,"府ホームページにおける中小企業・小規模事業者の方を対象とした相談窓口、各種支援策の紹介","新型コロナウィルスに関する中小企業・小規模事業者向け経営相談、各種支援施策を府ホームページにて紹介","新型コロナウイルス感染症の発生により、中小企業・小規模事業者の事業活動への影響の拡大が懸念されることから、経営相談窓口の設置や緊急融資制度の取扱いを行っております。その他、経済産業省や厚生労働省の取組み等についても、府ホームページでまとめ、情報提供しています。<br><br>（詳細はリンク先の大阪府ホームページをご覧ください）","http://www.pref.osaka.lg.jp/keieishien/corona/index.html","商工会・商工会議所、大阪信用保証協会、経済産業省、厚生労働省など","http://www.pref.osaka.lg.jp/keieishien/corona/index.html","","相談等","とりまとめ&nbsp;一覧",2020/05/01 19:13:00,2020/05/01 19:13:00
83,"証明書のコンビニ交付サービス","マイナンバーカードや住民基本台帳カードで、住民票など各種証明書をコンビニ等で取得できます。","マイナンバーカードや利用登録済みの住民基本台帳カードをお持ちの大阪市民の方は、住民票の写しや戸籍謄本・戸籍抄本、印鑑登録証明書、所得証明書など各種証明書を、全国のコンビニ等で区役所の閉庁している土日祝日、早朝や深夜にもお取りいただけます。<br>ご自身がマルチコピー機を操作して証明書を発行するので、申請書を記入する必要がありません。<br>また、窓口よりも手数料が100円お得です。（戸籍全部（個人）事項証明書は除く。）","https://www.city.osaka.lg.jp/shimin/page/0000284183.html","市民局 総務部 住民情報担当・財政局 税務部 管理課 管理グループ","https://www.city.osaka.lg.jp/shimin/page/0000284183.html","市税;#戸籍・住民票","","コンビニ交付&nbsp;住民票",2020/05/11 18:23:00,2020/04/27 17:21:00
84,"証明書の郵送請求","戸籍全部（個人）事項証明書（戸籍謄抄本）や住民票の写し等の証明書は、郵送によりご請求できます。","戸籍全部（個人）事項証明書（戸籍謄抄本）や住民票の写し等の証明書は、大阪市各区役所窓口や大阪市サービスカウンターなどの窓口にお越しいただくほか、郵送によりご請求いただくことができます。","https://www.city.osaka.lg.jp/shimin/page/0000384461.html","郵送事務処理センター","https://www.city.osaka.lg.jp/shimin/page/0000384461.html","戸籍・住民票","","戸籍謄本&nbsp;戸籍抄本&nbsp;請求",2020/04/27 17:38:00,2020/04/27 17:38:00
85,"郵送による転出届","郵送により届出することができます。","転出届は、大阪市から大阪市外へ引越しされるときの届出です。<br>新型コロナウイルス感染拡大防止のため、郵送による届出を是非ご利用ください。","https://www.city.osaka.lg.jp/shimin/page/0000369823.html","各区役所窓口サービス担当課","https://www.city.osaka.lg.jp/shimin/page/0000370126.html","戸籍・住民票","","引越し&nbsp;転居&nbsp;転出届",2020/05/11 18:26:00,2020/04/27 17:44:00
86,"転入・転居・世帯変更等の届出期限","転入・転居・世帯変更等の住民票の異動にかかる手続きは、当分の間、14日を過ぎたのちでも通常どおり手続きできます。","転入・転居・世帯変更等の住民票の異動にかかる手続きは、異動日（引っ越し等の日）から14日以内のお手続きが必要ですが、新型コロナウイルス感染拡大防止のための取扱いとして、当分の間、14日を過ぎたのちでも通常どおり手続きできます。","https://www.city.osaka.lg.jp/shimin/page/0000497404.html#no5","各区役所窓口サービス担当","https://www.city.osaka.lg.jp/shimin/page/0000370126.html","戸籍・住民票","","転入&nbsp;転居&nbsp;引越し",2020/05/11 18:27:00,2020/04/27 17:56:00
87,"電子証明書の更新（再発行）","電子証明書の有効期限を過ぎた後でも新しい電子証明書を発行することができます。","有効期限を過ぎた場合はコンビニ交付サービス等、電子証明書を利用したサービスをご利用いただけなくなるため更新の手続きが必要ですが、有効期限を過ぎた後でも新しい電子証明書を発行することができます。","https://www.city.osaka.lg.jp/shimin/page/0000497404.html#no6","各区役所窓口サービス課","https://www.city.osaka.lg.jp/shimin/page/0000370126.html","戸籍・住民票","","電子証明書&nbsp;有効期限",2020/05/11 18:28:00,2020/04/27 18:29:00
96,"特別定額給付金","新型コロナウイルスによる感染拡大防止に留意しつつ、簡素な仕組みで迅速かつ的確に家計への支援を行うため、特別定額給付金が給付されます。","【給付対象者】<br>4月27日時点で住民基本台帳に記録されている方<br>受給権者は、その方が属する世帯主<br>親族（配偶者、親、子、兄弟姉妹等）からの暴力等を理由に避難している方は詳細ページをご覧ください。<br>【給付額】<br>給付対象者1人につき10万円<br>【給付金の申請及び給付の方法】<br>感染拡大防止の観点から、給付金の申請は郵送での申請及びオンライン申請（マイナンバーカードが必要）を基本とし、給付は原則として申請者本人名義の銀行口座へ振り込みます。<br>詳しくは詳細ページをご覧ください。","https://www.city.osaka.lg.jp/shimin/page/0000502306.html","市民局総務部定額給付金担当&nbsp;&nbsp;&nbsp;電話：06-6263-0568","https://www.city.osaka.lg.jp/shimin/page/0000502306.html","生活支援","","特別給付金",2020/05/14 10:42:00,2020/04/30 10:16:00
101,"職業相談・紹介の窓口","新型コロナ感染症の影響による一般的な労働相談や雇用調整助成金に関する相談、職業相談・紹介事業、就労相談等を行っています。","大阪労働局では、「新型コロナ感染症の影響による特別労働相談窓口」を開設し、新型コロナ感染症の影響による一般的な労働相談や雇用調整助成金に関する相談等を行っています。<br>また、大阪市では、「しごと情報ひろば」、「大阪市地域就労支援センター」を設置し、若年者・中高年齢者・障がい者・ひとり親家庭の親の方への職業相談・紹介事業や、就労相談を実施しています。","https://www.city.osaka.lg.jp/shimin/page/0000500574.html","市民局ダイバーシティ推進室雇用女性活躍推進課","https://www.city.osaka.lg.jp/shimin/page/0000500574.html","生活支援;#雇用;#相談","","就職&nbsp;相談",2020/05/11 18:32:00,2020/04/30 11:48:00
113,"DVにかかる相談","DVにかかる電話相談・面接相談及びメール相談を行っています。","ドメスティック・バイオレンス（DV）は、人権に関わる大きな問題であり、子どもにも深刻な影響を及ぼします。ひとりで悩まず、まずはご相談ください。","https://www.city.osaka.lg.jp/shimin/page/0000389841.html","市民局ダイバーシティ推進室男女共同参画課","https://www.city.osaka.lg.jp/shimin/page/0000389841.html","相談","","DV&nbsp;人権&nbsp;相談",2020/05/11 18:30:00,2020/04/30 19:21:00
114,"人権に関する相談","不当な差別、いじめ等の人権問題に関する相談を行っています。","新型コロナウイルス感染症に関する、誤解や偏見、忌避意識などにより、感染された人とそのご家族や周囲の人、治療にあたっている病院関係者、海外からの帰国者等に対する不当な差別、いじめ等があってはなりません。<br>不当な差別、いじめ等の人権問題に関しては次の窓口にご相談ください。","https://www.city.osaka.lg.jp/shimin/page/0000500067.html","人権啓発・相談センター","https://www.city.osaka.lg.jp/shimin/page/0000500067.html","相談","","人権&nbsp;相談&nbsp;いじめ",2020/04/30 19:24:00,2020/04/30 19:24:00
115,"DV相談＋（プラス）（内閣府）","あなたが配偶者やパートナーから受けている様々な暴力（DV）について、専門の相談員が一緒に考えます。メール・電話・チャット形式で相談を受け付けています。","あなたが配偶者やパートナーから受けている様々な暴力（DV）について、専門の相談員が一緒に考えます。<br>「これってDVかな？」「暴力を振るわれている」「今すぐパートナーから逃げたいけどどうしたらいいの？」「自分だけでなく子どもたちのことも心配」など、どんなご相談もお気軽にご連絡ください。<br>","https://soudanplus.jp/","内閣府","https://soudanplus.jp/","相談","","DV&nbsp;相談",2020/04/30 19:33:00,2020/04/30 19:27:00
89,"固定資産税の縦覧期間の延長","縦覧会場において、来場者が集中することを避けるため、令和2年度に限り、6月1日（月曜日）まで縦覧期間を延長します。","新型コロナウイルス感染症の感染拡大防止の観点から、縦覧会場における来場者の集中緩和等を図ることを目的として、令和2年度に限り、縦覧期間を令和2年6月1日（月曜日）まで延長することとなりました。<br><br>令和2年4月1日（水曜日）から6月1日（月曜日）まで<br>午前9時から午後5時30分（金曜日は午後7時）まで<br>（注）土曜日・日曜日・祝日を除く。","https://www.city.osaka.lg.jp/zaisei/page/0000425551.html","市税事務所（固定資産税（土地・家屋）グループ）","https://www.city.osaka.lg.jp/zaisei/page/0000138426.html","市税","","固定資産税&nbsp;縦覧",2020/05/13 13:46:00,2020/04/30 09:50:00
90,"市税の納付が困難である場合のご相談","新型コロナウイルス感染症の影響により、市税の納付が困難である場合には、次のとおり、納税を猶予する制度があります。","新型コロナウイルス感染症の影響により、市税の納付が困難である場合には、次のとおり、納税を猶予する制度があります。<br>詳しくは市税事務所収納対策担当へまずはお電話でご相談ください。","https://www.city.osaka.lg.jp/zaisei/page/0000497821.html","市税事務所収納対策担当","https://www.city.osaka.lg.jp/zaisei/page/0000478977.html","市税","","市税&nbsp;納付相談",2020/04/30 09:54:00,2020/04/30 09:54:00
91,"市税に関する郵便での証明書の請求方法","郵便で市税に関する証明書をご請求いただけます。","できる限り迅速な処理に努めていますが、原則として当センターが、申請を受理してから発送までに1週間かかります。<br>受理後、順次作業を行っていますので、返送期日のご要望にはお答えできません。<br>ご請求いただく場合には、日数に余裕を持ってお送りいただきますようお願いします。","https://www.city.osaka.lg.jp/zaisei/page/0000006087.html#tetsudukinogaiyou","大阪市税証明郵送センター","https://www.city.osaka.lg.jp/zaisei/page/0000006087.html#tetsudukinogaiyou","市税","","書億証明書&nbsp;納税証明書",2020/04/30 09:59:00,2020/04/30 09:59:00
118,"個人市民税・府民税申告期限の延長","個人市民税・府民税の申告は、4月17日（金曜日）以降も受付を行います。","個人市民税・府民税の申告は、4月17日（金曜日）以降も受付を行います。<br>申告書の提出は、郵送でも受け付けていますので、新型コロナウイルス感染症の感染拡大防止のために、ぜひご活用くださいますようお願いします。","https://www.city.osaka.lg.jp/zaisei/page/0000496026.html","個人市・府民税:各市税事務所市民税等グループ（個人市民税担当）、所得税：最寄りの税務署","https://www.city.osaka.lg.jp/zaisei/page/0000496026.html","市税","","市民税・府民税 申告",2020/05/13 13:47:00,2020/05/08 13:13:00
119,"法人市民税の申告・納付期限の延長","法人市民税について、申告・納付を期限までに行うことができないやむを得ない理由がある場合には、申告・納付期限の延長が認められます。","新型コロナウイルス感染症の拡大防止の観点から、国税庁より法人税について申告・納付期限の延長が発表されているところですが、法人市民税についても、申告・納付を期限までに行うことができないやむを得ない理由がある場合には、次の申請手続により申告・納付期限の延長が認められます。<br>つきましては、申告書を作成・提出することが可能になり次第速やかに、税務署への法人税の申告・納付とともに、本市へ法人市民税の申告・納付を行ってください。","https://www.city.osaka.lg.jp/zaisei/page/0000500568.html","財政局船場法人市税事務所法人市民税グループ","https://www.city.osaka.lg.jp/zaisei/page/0000500568.html","","税・社会保険料等","法人市民税&nbsp;申告&nbsp;納付期限&nbsp;延長",2020/05/12 09:27:00,2020/05/08 13:18:00
120,"軽自動車税（種別割）の障がい者等に係る減免申請期限の延長","軽自動車税（種別割）の障がい者等に係る減免申請について、納期限までに減免申請をできないやむを得ない理由がある場合、減免申請の期限延長が認められます。","軽自動車税（種別割）の障がい者等に係る減免申請において、新型コロナウイルス感染症の影響により、感染拡大防止のため外出を控えている等、納期限までに減免申請をできないやむを得ない理由がある場合には、減免申請が可能になった時点で期限延長の申請をしていただくことにより期限の個別延長が認められます。","https://www.city.osaka.lg.jp/zaisei/page/0000500545.html","各市税事務所軽自動車税（種別割）担当","https://www.city.osaka.lg.jp/zaisei/page/0000500545.html","市税;#相談","","軽自動車税&nbsp;減免申請&nbsp;延長",2020/05/08 13:27:00,2020/05/08 13:27:00
121,"事業所税、市たばこ税及び入湯税の申告・納付（納入）期限の延長","事業所税、市たばこ税及び入湯税について、申告・納付（納入）を期限までに行うことができないやむを得ない理由がある場合、申告・納付（納入）期限の延長が認められます。","新型コロナウイルス感染症の拡大防止の観点から、事業所税、市たばこ税及び入湯税について、申告・納付（納入）を期限までに行うことができないやむを得ない理由がある場合には、次の申請手続により申告・納付（納入）期限の延長が認められます。","https://www.city.osaka.lg.jp/zaisei/page/0000501913.html","財政局船場法人市税事務所事業所税グループ","https://www.city.osaka.lg.jp/zaisei/page/0000501913.html","市税","税・社会保険料等","事業所税&nbsp;市たばこ税&nbsp;入湯税&nbsp;申告&nbsp;納付&nbsp;期限延長",2020/05/12 09:27:00,2020/05/08 13:30:00
94,"生活福祉資金貸付制度","新型コロナウイルスの影響による休業や失業で、一時的な生活資金にお困りの方に緊急小口資金及び総合支援資金（生活支援費）の特例貸付を大阪府社会福祉協議会で行います。","新型コロナウイルス感染症の影響による休業や失業で、一時的な生活資金にお困りの方に向けた緊急小口資金及び総合支援資金（生活支援費）の特例貸付を大阪府社会福祉協議会で実施します。<br>貸付条件や必要書類など、貸付に関するご相談や、申し込みは、お住いの区の社会福祉協議会へお問い合わせください。","https://www.city.osaka.lg.jp/fukushi/page/0000369602.html","お住いの区の社会福祉協議会","https://www.osaka-sishakyo.jp/kusyakyo_itiran/","生活支援;#相談","","生活&nbsp;貸付",2020/05/12 10:16:00,2020/04/30 10:10:00
97,"住居確保給付金","就職に向けた活動をするなどを条件に、一定期間家賃相当額を支給する制度です。","住居確保給付金は、就職に向けた活動をするなどを条件に、一定期間家賃相当額を支給する制度です。（原則3か月間、最長9か月までの間で、1か月単位の支給となり、本市から家主の方に直接支払います。）<br>これまでは、「離職・廃業から2年以内の方」が対象でしたが、令和2年4月20日以降は、これに加えて「個人の責や都合によらない休業等により収入が減少し、離職等と同程度の状況にある方」も対象となります。","https://www.city.osaka.lg.jp/fukushi/page/0000501083.html","お住まいの区（既に住居を喪失している方は、住むことを希望している区）の区役所","https://www.city.osaka.lg.jp/fukushi/page/0000501083.html","生活支援;#相談","","",2020/05/08 17:04:00,2020/04/30 10:19:00
99,"生活困窮者自立支援","生活にお困りごとを抱えた方の自立支援策の強化を図ることを目的として、相談支援窓口を各区に設置し、対象となる方の自立までを包括的・継続的に支援します。","生活困窮者自立支援法（平成27年4月施行）に基づき、生活にお困りごとを抱えた方の自立支援策の強化を図ることを目的として、相談支援窓口を各区に設置し、対象となる方の自立までを包括的・継続的に支援します。<br>&nbsp;支援にあたっては、対象となる方を早期に把握し、個々の状況に応じて、他施策・他機関等の相談窓口へつなぐとともに、地域のネットワーク、関係機関等と連携し、その方が抱える課題が複雑化・困難化する前に自立できるよう、次の事業を実施します。<br><br>【自立相談支援事業・住居確保給付金の支給・一時生活支援事業・子ども自立アシスト事業（子どもの学習・生活支援事業）・就労訓練事業・就労チャレンジ事業・家計改善支援事業】","https://www.city.osaka.lg.jp/fukushi/page/0000303608.html","各区の自立相談支援窓口","https://www.city.osaka.lg.jp/fukushi/page/0000303608.html","生活支援;#相談","","生活&nbsp;自立支援",2020/05/13 13:51:00,2020/04/30 10:28:00
107,"国民健康保険加入の方で、給与を受けられない場合傷病手当金を支給します","国民健康保険に加入の被用者が、新型コロナウイルス感染症に感染等して就労することができず給与を受けられない場合、傷病手当金を支給します。","国民健康保険に加入の被用者（給与の支払いを受けている方）が、仕事を休みやすい環境を整備するため、新型コロナウイルス感染症に感染したとき、または発熱等の症状があり当該感染症の感染が疑われるときに、就労することができず給与を受けられない場合、傷病手当金を支給します。","https://www.city.osaka.lg.jp/fukushi/page/0000499904.html","福祉局生活福祉部保険年金課給付グループ","https://www.city.osaka.lg.jp/fukushi/page/0000499904.html","生活支援;#国保・年金","","国民健康保険&nbsp;傷病手当金",2020/04/30 19:07:00,2020/04/30 19:07:00
108,"後期高齢者医療制度加入の方で、給与を受けられない場合傷病手当金を支給します","後期高齢者医療制度に加入の被用者が、新型コロナウイルス感染症に感染等して就労することができず給与を受けられない場合、傷病手当金を支給します。","後期高齢者医療制度に加入の被用者（給与の支払いを受けている方）が、仕事を休みやすい環境を整備するため、新型コロナウイルス感染症に感染したとき、または発熱等の症状があり当該感染症の感染が疑われるときに、就労することができず給与を受けられない場合、大阪府後期高齢者医療広域連合より傷病手当金が支給されます。","https://www.city.osaka.lg.jp/fukushi/page/0000500885.html","福祉局生活福祉部保険年金課給付グループ","https://www.city.osaka.lg.jp/fukushi/page/0000500885.html","生活支援;#国保・年金","","後期高齢者医療制度&nbsp;傷病手当",2020/04/30 19:11:00,2020/04/30 19:11:00
109,"健康維持のための高齢者の方へのポイント","「動かない時間」が増えることで、身体や頭の動きが低下してしまいます。自粛生活での高齢者の方に気をつけていただきたいポイントをまとめています。","「動かない時間」が増えることで、身体や頭の動きが低下してしまいます。<br>歩くことや身の回りのことなど生活動作が行いにくくなったりして、フレイル（虚弱）が進んでいきます。<br>自粛生活でのフレイル予防についてのポイントをまとめた資料を掲載していますので、ぜひご覧いただき、フレイルを予防し、抵抗力を下げないようにしましょう。","https://www.city.osaka.lg.jp/fukushi/page/0000499298.html","福祉局高齢者施策部高齢福祉課在宅サービス事業グループ","https://www.city.osaka.lg.jp/fukushi/page/0000499298.html","健康・医療","","自粛生活&nbsp;フレイル予防",2020/05/08 17:09:00,2020/04/30 19:14:00
110,"健康維持のための体操（百歳体操）","外出自粛中でも体を動かすことが大切です。「百歳体操」は3種類で、全て簡単・安全なので誰でもすぐに始めることができます。","「百歳体操」は、何歳になっても元気で楽しく生活するための体操で、全て簡単・安全なので誰でもすぐに始めることができます。<br>大阪市では、より多くの方々に「百歳体操」を行っていただけるよう、吉本興業株式会社と共同で「百歳体操」DVDを作製しました。<br>このDVDでは、吉本新喜劇でおなじみのメンバーが、「百歳体操」の効果や方法を楽しく教えてくれます。","https://www.city.osaka.lg.jp/fukushi/page/0000425655.html","福祉局高齢者施策部高齢福祉課","https://www.city.osaka.lg.jp/fukushi/page/0000425655.html","健康・医療","","百歳体操&nbsp;簡単",2020/05/01 12:05:00,2020/04/30 19:16:00
122,"国民年金保険料の納付が困難な方へ","新型コロナウイルス感染症の影響で、所得が相当程度まで下がった場合は、臨時特例措置として国民年金保険料免除申請、国民年金保険料学生納付特例申請が可能となりました。","新型コロナウイルス感染症の影響により、収入源となる業務の喪失や売り上げの減少などが生じて所得が相当程度まで下がった場合は、臨時特例措置として本人申告の所得見込額を用いた簡易な手続きにより、国民年金保険料免除申請および国民年金保険料学生納付特例申請が可能となりました。<br><br>","https://www.city.osaka.lg.jp/fukushi/page/0000502507.html","福祉局 生活福祉部 保険年金課 管理グループ","https://www.city.osaka.lg.jp/fukushi/page/0000502507.html","生活支援;#国保・年金","","",2020/05/12 09:48:00,2020/05/08 15:22:00
103,"保育施設等の家庭保育を依頼している期間における保育料の軽減","家庭保育の依頼を受けて保育施設等に登園しない場合は、登園しない日数の保育料を軽減することになります。","今般の新型コロナウイルス感染症の感染予防の観点から、この間、保育施設等においては、家庭での保育が可能な方には、家庭での保育の協力をお願いしてきました。<br>緊急事態宣言の発令を受け、令和2年4月8日（水）からは、保護者の就労や福祉的配慮が必要な場合等以外は登園を控えるようお願いしたところです。<br>この度、家庭保育の依頼を受けて保育施設等に登園しない場合は、登園しない日数の保育料を軽減することになります。<br>&nbsp;この保育料の軽減は、令和2年3月分の保育料から適用します。","https://www.city.osaka.lg.jp/kodomo/page/0000498433.html","こども青少年局保育施策部保育企画課","https://www.city.osaka.lg.jp/kodomo/page/0000498433.html","生活支援;#子育て・教育","","保育料&nbsp;軽減",2020/04/30 16:38:00,2020/04/30 16:38:00
106,"児童虐待にかかる相談","児童虐待にかかる電話相談・面接相談は継続して行っています。","あなたのまわりに「虐待を受けたと思われるこども」がいたら・・・<br>すぐに下記の機関・施設等に連絡（通告）してください。<br>通告はこどもを守るためのものです。通告した人が特定されないように、秘密は守られます。<br>虐待を受けている時、子育てに不安を持っている時、ひとりで悩まず、相談してください。","https://www.city.osaka.lg.jp/kodomo/page/0000497457.html","こども青少年局こども相談センター&nbsp;","https://www.city.osaka.lg.jp/kodomo/page/0000497457.html","子育て・教育;#相談","","児童虐待&nbsp;相談",2020/04/30 19:04:00,2020/04/30 19:04:00
98,"解雇された派遣社員等への市営住宅の提供","解雇・雇止めにより社宅や寮等の住宅の退去を余儀なくされ住宅確保を必要とされている方に対して、一時的な居住の場として市営住宅を期限付きで提供しています。","解雇・雇止めにより社宅や寮等の住宅の退去を余儀なくされ住宅確保を必要とされている方に対して、一時的な居住の場として市営住宅を期限付きで提供しており、大阪市住まい公社にて申込受付を行っております。また、令和2年4月7日（火）に行われた新型コロナウイルス感染症に関する緊急事態宣言を踏まえ、大阪府知事による要請により、インターネットカフェ、漫画喫茶その他の居住の不安定な者の一時的な居所となっている施設（本市の区域内にあるものに限る。）の利用が制限又は停止される等に伴い居所を失った者で、緊急に当該施設に代わる居所の確保を必要とされている方につきましても申込みが可能となりました","https://www.city.osaka.lg.jp/toshiseibi/page/0000028487.html","大阪市住まい公社募集担当","https://www.city.osaka.lg.jp/toshiseibi/page/0000028487.html","生活支援;#相談","","住宅",2020/04/30 10:26:00,2020/04/30 10:26:00
126,"新型コロナウイルス感染症の影響を受けた港湾関連事業者等の港湾施設使用料、貸付料等の支払期限の延長について","新型コロナウイルスの影響を考慮し、港湾関連事業者等の事業継続に対する側面的な支援として、港湾施設使用料、貸付料等の支払期限延長にかかる取扱いを定めました。","大阪市では、新型コロナウイルスの感染拡大による社会的な影響を考慮し、港湾物流網の維持及び国際競争力の確保のため、港湾関連事業者等の事業継続に対する側面的な支援として、「港湾施設使用料」、「入港料」、「行政財産の目的外使用許可にかかる使用料」並びに「普通財産等の貸付にかかる貸付料」の支払期限延長にかかる取扱いを定めましたので、詳細ページをご覧ください。","https://www.city.osaka.lg.jp/port/page/0000502030.html","港湾局計画整備部振興課","https://www.city.osaka.lg.jp/port/page/0000502030.html","","資金繰り","港湾関連",2020/05/14 10:39:00,2020/05/14 10:39:00
92,"水道料金・下水道使用料の支払いが困難な場合の相談","新型コロナウイルス感染症の影響を受け、収入が大幅に減少した等の事情により、一時的に水道料金・下水道使用料のお支払いが困難な場合はご相談ください。","新型コロナウイルス感染症の影響を受け、収入が大幅に減少した等の事情により、一時的に水道料金・下水道使用料のお支払いが困難な場合は、お支払いに関するご相談に応じますので、お客さまセンター（06-6458-1132）までお問い合わせください。","https://www.city.osaka.lg.jp/suido/page/0000498529.html","お客さまセンター","https://www.city.osaka.lg.jp/suido/page/0000498529.html","水道","","水道料金&nbsp;支払相談",2020/04/30 10:02:00,2020/04/30 10:02:00
93,"【手続き不要】水道料金の基本料金及び下水道使用料の基本額を全額免除","令和2年7月検針分から9月検針分までの水道料金の基本料金及び下水道使用料の基本額について、それぞれ全額を減免します。","新型コロナウイルス感染症が各ご家庭に経済的な影響をもたらしている状況を踏まえ、市民の生活や経済活動を支援するため、本市と契約があるお客さまを対象に令和2年7月検針分から9月検針分までの水道料金の基本料金及び下水道使用料の基本額について、それぞれ全額を減免します。<br>今回の減免につきましては、お客さまからの申し込み手続きは必要ありません。","https://www.city.osaka.lg.jp/suido/page/0000502280.html","お客さまセンター","https://www.city.osaka.lg.jp/suido/page/0000502280.html","水道","","水道料金&nbsp;免除&nbsp;",2020/05/08 14:27:00,2020/04/30 10:05:00
95,"学校給食費の無償化","新型コロナウイルス感染症の影響による保護者の経済的負担軽減等のため、令和2年度に限り、全児童生徒（小・中学校）の学校給食費を徴収しないこととします。","新型コロナウイルス感染症の拡大予防に向けた学校休業等をふまえ、保護者の経済的負担軽減等の観点から、緊急的な措置として、令和3年度実施に向けて検討することとしていた学校給食費の無償化を前倒しすることとし、令和2年度に限り、全児童生徒（小・中学校）の学校給食費を徴収しないこととします。","https://www.city.osaka.lg.jp/kyoiku/page/0000292260.html","教育委員会事務局指導部保健体育担当給食グループ","https://www.city.osaka.lg.jp/kyoiku/page/0000292260.html","生活支援;#子育て・教育","","給食費&nbsp;無償",2020/05/12 10:17:00,2020/04/30 10:12:00
104,"LINEによる相談窓口","大阪市立小学校・中学校・高等学校に通う子どもたちを対象として、LINEを利用した相談窓口を設置しています。","大阪市立小学校・中学校・高等学校に通う子どもたちを対象として、LINEを利用した相談窓口を設置しています。<br>なお、新型コロナウイルス感染症に伴う臨時休業期間中、子どもたちの不安や悩みを相談できるように、相談時間の拡充を行います。<br>5月12日（火曜日）から6月7日（日曜日）までは、土曜日・日曜日・祝日も含めて、毎日午後5時から午後9時まで、相談できます。","https://www.city.osaka.lg.jp/kyoiku/page/0000501008.html","教育委員会事務局指導部教育活動支援担当生活指導グループ","https://www.city.osaka.lg.jp/kyoiku/page/0000501008.html","子育て・教育;#相談","","小学校&nbsp;中学校&nbsp;高校&nbsp;相談&nbsp;",2020/05/13 13:52:00,2020/04/30 16:43:00
124,"小学校・中学校の児童生徒向け学習動画","大阪市立小学校・中学校の児童生徒向けに、大阪市教育委員会が作成した学習動画をYouTubeに掲載しています。","大阪市立小学校・中学校の児童生徒向けに、大阪市教育委員会が作成した学習動画をYouTubeに掲載しています。","https://www.city.osaka.lg.jp/kyoiku/page/0000500916.html","教育委員会事務局総務部総務課ICT推進グループ","https://www.city.osaka.lg.jp/kyoiku/page/0000500916.html","子育て・教育","","学習動画&nbsp;小学校&nbsp;中学校",2020/05/11 14:55:00,2020/05/11 14:55:00
